,depth,gr,d_res,s_res,den
438,66.8504,6.8347,0.5577,0.6577,1.1542
439,67.0028,8.2322,0.5577,0.6577,1.154
440,67.1552,9.5219,0.5693,0.7719,1.1587
441,67.3076,9.3154,0.5847,0.8073,1.159
442,67.46,8.9345,0.6036,0.7772,1.1599
443,67.6124,7.9351,0.6242,0.7594,1.1813
444,67.7648,7.6888,0.6487,0.7835,1.2012
445,67.9172,7.4191,0.677,0.8205,1.2204
446,68.0696,7.6253,0.7029,0.8525,1.2424
447,68.222,9.0824,0.7289,0.8943,1.2834
448,68.37439999999998,8.6578,0.7528,0.9404,1.3395
449,68.52679999999998,8.766,0.7674,0.9647,1.379
450,68.67919999999998,7.2497,0.7751,0.9592,1.4242
451,68.83159999999998,7.528,0.7789,0.9359,1.4826
452,68.98399999999998,6.5819,0.7788,0.9102,1.5493
453,69.13639999999998,7.2079,0.7783,0.8999,1.5506
454,69.28879999999998,7.6852,0.7763,0.9095,1.553
455,69.44119999999998,9.5017,0.7779,0.9242,1.5649
456,69.59359999999998,10.0338,0.7811,0.9303,1.6155
457,69.74599999999998,9.8089,0.7843,0.9268,1.6489
458,69.89839999999998,9.4871,0.79,0.9175,1.6779
459,70.05079999999998,10.347,0.7938,0.9061,1.6815
460,70.20319999999998,11.2058,0.796,0.8975,1.6723
461,70.35559999999998,11.627,0.7993,0.895,1.6697
462,70.50799999999998,10.286,0.801,0.8992,1.6721
463,70.66039999999998,10.5248,0.8042,0.9089,1.682
464,70.81279999999998,11.4883,0.8055,0.9206,1.6947
465,70.96519999999998,13.8941,0.8161,0.9308,1.7039
466,71.11759999999998,13.4456,0.8346,0.9408,1.717
467,71.26999999999998,11.8853,0.8279,0.9552,1.7215
468,71.42239999999998,10.0985,0.8357,0.9759,1.7232
469,71.57479999999998,10.8521,0.8723,0.9987,1.7322
470,71.72719999999998,12.622,0.9062,1.016,1.73
471,71.87959999999998,13.6127,0.8984,1.0227,1.7228
472,72.03199999999998,14.6476,0.9002,1.0216,1.7172
473,72.18439999999998,14.6897,0.9156,1.0205,1.7281
474,72.33679999999998,14.5403,0.9177,1.0218,1.7191
475,72.48919999999998,14.1271,0.9136,1.0193,1.6869
476,72.64159999999998,14.7793,0.8969,1.0066,1.643
477,72.79399999999998,15.3238,0.9135,0.9857,1.6514
478,72.94639999999998,14.5485,0.8993,0.9638,1.673
479,73.09879999999998,13.3194,0.8782,0.9471,1.6899
480,73.25119999999998,13.1692,0.8705,0.9376,1.6766
481,73.40359999999998,13.0419,0.8669,0.9334,1.659
482,73.55599999999998,11.6568,0.8671,0.9316,1.6782
483,73.70839999999998,8.7334,0.8632,0.9321,1.6448
484,73.86079999999998,6.9401,0.869,0.9358,1.6558
485,74.01319999999998,6.1478,0.8644,0.9411,1.6711
486,74.16559999999998,6.0313,0.8642,0.9465,1.7589
487,74.31799999999998,5.6669,0.8807,0.9525,1.777
488,74.47039999999998,4.7711,0.8873,0.9595,1.7658
489,74.62279999999998,5.0375,0.8903,0.9661,1.7619
490,74.77519999999998,5.2731,0.8756,0.9717,1.7582
491,74.92759999999998,6.8967,0.8855,0.9765,1.7565
492,75.07999999999998,8.6615,0.8931,0.9795,1.6922
493,75.23239999999998,11.6314,0.8955,0.9814,1.6925
494,75.38479999999998,12.5978,0.9011,0.9837,1.6818
495,75.53719999999998,11.9923,0.8996,0.9857,1.7483
496,75.68959999999998,9.8959,0.9087,0.9852,1.7477
497,75.84199999999998,9.5475,0.9167,0.9824,1.7634
498,75.99439999999998,8.7377,0.9113,0.9802,1.7814
499,76.14679999999998,8.2005,0.9107,0.9819,1.7739
500,76.29919999999998,7.5058,0.9157,0.99,1.7727
501,76.45159999999998,8.0437,0.9074,1.0006,1.7581
502,76.60399999999998,8.5826,0.9116,1.0036,1.7548
503,76.75639999999999,10.5271,0.9165,0.9932,1.7384
504,76.90879999999999,11.2886,0.9075,0.9744,1.7353
505,77.06119999999999,11.9794,0.8919,0.9565,1.7101
506,77.21359999999999,10.8592,0.8896,0.945,1.7055
507,77.36599999999999,11.0029,0.8847,0.9405,1.682
508,77.51839999999999,10.2544,0.88,0.939,1.6694
509,77.67079999999999,9.2316,0.8835,0.9368,1.6521
510,77.82319999999999,7.7522,0.8854,0.9343,1.6349
511,77.97559999999999,6.9803,0.882,0.9328,1.605
512,78.12799999999999,6.5327,0.8823,0.9311,1.5862
513,78.28039999999999,6.7852,0.886,0.9284,1.5579
514,78.43279999999999,6.4467,0.8869,0.9257,1.5314
515,78.58519999999999,5.7474,0.8871,0.9242,1.5248
516,78.73759999999999,4.8892,0.8887,0.9243,1.4823
517,78.88999999999999,4.9019,0.8891,0.9258,1.3916
518,79.04239999999999,6.1319,0.8898,0.9275,1.3226
519,79.19479999999999,6.67,0.8917,0.928,1.283
520,79.34719999999999,7.0025,0.8945,0.9278,1.2622
521,79.49959999999999,6.6,0.8919,0.9287,1.242
522,79.65199999999999,6.9082,0.8943,0.9311,1.2293
523,79.80439999999999,7.1503,0.8924,0.9344,1.2241
524,79.95679999999999,8.4164,0.8936,0.9366,1.2255
525,80.10919999999999,9.2707,0.8923,0.9362,1.2266
526,80.26159999999999,11.0033,0.891,0.9331,1.2237
527,80.41399999999999,10.0539,0.8879,0.929,1.2195
528,80.56639999999999,9.2941,0.8841,0.9255,1.2152
529,80.71879999999999,8.1098,0.8849,0.9233,1.2095
530,80.87119999999999,7.8916,0.8864,0.9224,1.1994
531,81.02359999999999,7.6445,0.8901,0.9224,1.1899
532,81.17599999999999,7.1062,0.8889,0.9252,1.1873
533,81.32839999999999,6.4834,0.8947,0.9346,1.1868
534,81.48079999999999,6.7101,0.8994,0.9523,1.2256
535,81.63319999999999,6.4406,0.9004,0.9737,1.2768
536,81.78559999999999,7.6138,0.8978,0.9876,1.2732
537,81.93799999999999,8.5599,0.8943,0.984,1.2518
538,82.09039999999999,10.5771,0.8912,0.9623,1.3096
539,82.24279999999999,11.4703,0.8859,0.9313,1.3877
540,82.39519999999999,11.672,0.8826,0.9008,1.4342
541,82.54759999999999,9.8998,0.8803,0.8786,1.3849
542,82.69999999999999,8.1417,0.8803,0.8707,1.4209
543,82.85239999999999,6.5278,0.8795,0.8808,1.4837
544,83.00479999999999,6.2264,0.8777,0.9075,1.5784
545,83.15719999999999,6.5242,0.867,0.9402,1.5918
546,83.30959999999999,8.2521,0.8609,0.9618,1.6273
547,83.46199999999999,9.2481,0.8599,0.9612,1.5961
548,83.61439999999999,9.5977,0.8601,0.9424,1.5728
549,83.76679999999999,8.7876,0.8645,0.9192,1.5669
550,83.91919999999999,9.09,0.8631,0.9031,1.6231
551,84.07159999999999,9.4146,0.8646,0.8983,1.659
552,84.22399999999999,10.2432,0.8722,0.9038,1.6219
553,84.37639999999999,10.2874,0.8748,0.9151,1.5983
554,84.52879999999999,10.1829,0.8769,0.9283,1.6041
555,84.68119999999999,8.884,0.8789,0.9397,1.657
556,84.83359999999999,7.8925,0.8864,0.9472,1.6783
557,84.98599999999999,6.3861,0.8961,0.951,1.6519
558,85.13839999999999,5.079,0.9042,0.954,1.635
559,85.29079999999999,4.7924,0.9042,0.9589,1.6751
560,85.44319999999999,5.8095,0.9079,0.9664,1.7222
561,85.59559999999999,6.3822,0.9132,0.9742,1.732
562,85.74799999999999,6.0704,0.9149,0.9782,1.7312
563,85.90039999999999,6.7636,0.9145,0.9761,1.7462
564,86.05279999999999,7.7895,0.915,0.97,1.7319
565,86.20519999999999,8.6317,0.915,0.9635,1.7204
566,86.35759999999999,7.9801,0.918,0.9596,1.7182
567,86.50999999999999,7.8528,0.9163,0.96,1.7147
568,86.66239999999999,8.4191,0.919,0.9656,1.7074
569,86.81479999999999,10.0464,0.932,0.9757,1.7007
570,86.96719999999999,12.0258,0.9331,0.9885,1.6917
571,87.11959999999999,13.2109,0.9368,1.001,1.6928
572,87.27199999999999,14.5222,0.9454,1.0098,1.6967
573,87.42439999999999,15.0921,0.947,1.0132,1.7007
574,87.57679999999999,15.9671,0.9511,1.0118,1.6972
575,87.72919999999999,15.9074,0.9552,1.0072,1.6984
576,87.88159999999999,15.0848,0.9543,1.001,1.6363
577,88.03399999999998,13.7076,0.9546,0.9953,1.3889
578,88.18639999999998,15.1905,0.9498,0.9918,1.2447
579,88.33879999999998,17.8655,0.9492,0.9914,1.1767
580,88.49119999999998,19.9672,0.9425,0.9935,1.2093
581,88.64359999999998,17.4084,0.942,0.996,1.2569
582,88.79599999999998,13.5854,0.9459,0.9971,1.3185
583,88.94839999999998,10.4668,0.9435,0.9973,1.3798
584,89.10079999999998,9.431,0.9435,0.9981,1.4577
585,89.25319999999998,9.8436,0.9463,1.0001,1.5606
586,89.40559999999998,9.6367,0.9439,1.0023,1.6708
587,89.55799999999998,9.4326,0.9362,1.0033,1.767
588,89.71039999999998,8.4079,0.9347,1.002,1.7561
589,89.86279999999998,9.0713,0.9351,0.9976,1.7294
590,90.01519999999998,9.9802,0.9326,0.9908,1.7203
591,90.16759999999998,11.735,0.9367,0.9826,1.7126
592,90.31999999999998,12.5783,0.9294,0.975,1.7045
593,90.47239999999998,14.6595,0.9259,0.9709,1.7048
594,90.62479999999998,16.6821,0.9287,0.9722,1.7033
595,90.77719999999998,20.7852,0.9275,0.9775,1.6941
596,90.92959999999998,20.2233,0.9232,0.9835,1.6791
597,91.08199999999998,19.2442,0.9219,0.9865,1.6675
598,91.23439999999998,15.5208,0.9227,0.9848,1.6768
599,91.38679999999998,14.586,0.922,0.979,1.6831
600,91.53919999999998,11.9822,0.9198,0.9723,1.6703
601,91.69159999999998,9.8514,0.9179,0.9675,1.6778
602,91.84399999999998,7.3854,0.9183,0.9653,1.6835
603,91.99639999999998,6.6066,0.9189,0.9652,1.6962
604,92.14879999999998,6.669,0.9161,0.966,1.7047
605,92.30119999999998,7.794,0.9066,0.9661,1.7029
606,92.45359999999998,9.3121,0.9079,0.9636,1.696
607,92.60599999999998,9.5186,0.9155,0.9581,1.6841
608,92.75839999999998,9.6176,0.9067,0.9506,1.6736
609,92.91079999999998,9.4798,0.9012,0.9438,1.6833
610,93.06319999999998,9.8053,0.906,0.9406,1.6977
611,93.21559999999998,9.9125,0.902,0.942,1.7065
612,93.36799999999998,8.9012,0.9008,0.9465,1.7081
613,93.52039999999998,7.6413,0.8987,0.9514,1.7058
614,93.67279999999998,7.208,0.8986,0.9544,1.7034
615,93.82519999999998,7.6037,0.9,0.9545,1.695
616,93.97759999999998,8.5288,0.9025,0.9525,1.6981
617,94.12999999999998,9.1067,0.9047,0.9502,1.7014
618,94.28239999999998,9.798,0.9028,0.9491,1.7104
619,94.43479999999998,11.9175,0.9041,0.9491,1.7113
620,94.58719999999998,12.4184,0.9065,0.9498,1.6909
621,94.73959999999998,13.3458,0.918,0.951,1.6729
622,94.89199999999998,12.1539,0.909,0.9535,1.6767
623,95.04439999999998,11.0378,0.9075,0.9573,1.7103
624,95.19679999999998,9.1757,0.9146,0.9614,1.7448
625,95.34919999999998,8.5036,0.9217,0.9642,1.7524
626,95.50159999999998,8.2181,0.9124,0.9656,1.7388
627,95.65399999999998,8.8727,0.9107,0.9663,1.7242
628,95.80639999999998,8.8791,0.9244,0.967,1.7135
629,95.95879999999998,9.0732,0.929,0.9673,1.717
630,96.11119999999998,10.0896,0.9244,0.967,1.7189
631,96.26359999999998,12.0186,0.9213,0.9669,1.7204
632,96.41599999999998,15.6961,0.9279,0.9691,1.7144
633,96.56839999999998,16.3135,0.9271,0.9743,1.6987
634,96.72079999999998,16.4511,0.9215,0.9796,1.6849
635,96.87319999999998,14.488,0.9198,0.9815,1.6904
636,97.02559999999998,12.4943,0.9208,0.9783,1.7046
637,97.17799999999998,10.2725,0.9205,0.9721,1.7163
638,97.33039999999998,8.7084,0.9208,0.9662,1.714
639,97.48279999999998,8.5099,0.9154,0.9636,1.709
640,97.63519999999998,8.4892,0.9126,0.9641,1.706
641,97.78759999999998,8.7503,0.9145,0.9658,1.7087
642,97.93999999999998,9.539,0.9154,0.9676,1.7022
643,98.09239999999998,11.1757,0.9086,0.9694,1.6938
644,98.24479999999998,12.4034,0.9042,0.9706,1.6848
645,98.39719999999998,13.1781,0.9029,0.9704,1.7022
646,98.54959999999998,12.1447,0.9019,0.968,1.7114
647,98.70199999999998,10.3302,0.9009,0.9638,1.7235
648,98.85439999999998,8.9279,0.9,0.9596,1.7155
649,99.00679999999998,8.5186,0.8997,0.9581,1.7134
650,99.15919999999998,9.0256,0.8995,0.96,1.7379
651,99.31159999999998,10.6428,0.9031,0.9638,1.7623
652,99.46399999999998,12.6286,0.9031,0.9672,1.7442
653,99.61639999999998,14.7459,0.9063,0.969,1.7128
654,99.76879999999998,15.6326,0.9077,0.9687,1.6906
655,99.92119999999998,15.7932,0.9073,0.9669,1.6766
656,100.07359999999998,13.9276,0.9072,0.9648,1.6722
657,100.22599999999998,11.6211,0.9076,0.9635,1.6734
658,100.37839999999998,9.3729,0.9078,0.9625,1.6796
659,100.53079999999999,8.7856,0.9079,0.9609,1.6994
660,100.68319999999999,8.6221,0.9088,0.9592,1.7128
661,100.83559999999999,8.8949,0.9095,0.9586,1.7061
662,100.98799999999999,9.3215,0.9202,0.9609,1.7027
663,101.14039999999999,8.8376,0.9272,0.9671,1.7071
664,101.29279999999999,8.306,0.9294,0.977,1.7176
665,101.44519999999999,7.5038,0.9343,0.9896,1.7224
666,101.59759999999999,7.0715,0.9354,1.0026,1.7162
667,101.74999999999999,6.6803,0.9321,1.011,1.711
668,101.90239999999999,6.5406,0.9257,1.0079,1.6912
669,102.05479999999999,6.4708,0.9244,0.9914,1.6909
670,102.20719999999999,6.7359,0.924,0.9681,1.6796
671,102.35959999999999,7.0594,0.9208,0.9479,1.6856
672,102.51199999999999,9.6465,0.9165,0.9383,1.6856
673,102.66439999999999,11.6123,0.9139,0.9409,1.6869
674,102.81679999999999,14.6367,0.9133,0.9521,1.6839
675,102.96919999999999,15.6062,0.9155,0.9661,1.6939
676,103.12159999999999,17.0854,0.9171,0.9773,1.708
677,103.27399999999999,17.7954,0.9179,0.982,1.7106
678,103.42639999999999,19.5879,0.9204,0.9801,1.7285
679,103.57879999999999,19.399,0.9197,0.9749,1.7432
680,103.73119999999999,18.6254,0.9141,0.9702,1.7275
681,103.88359999999999,16.7036,0.9117,0.9669,1.7293
682,104.03599999999999,14.2217,0.9121,0.9634,1.7448
683,104.18839999999999,12.3679,0.8971,0.9578,1.7295
684,104.34079999999999,10.3313,0.8932,0.9499,1.6898
685,104.49319999999999,9.706,0.8929,0.9429,1.675
686,104.64559999999999,8.0995,0.8934,0.9402,1.6791
687,104.79799999999999,8.3685,0.9006,0.9427,1.6806
688,104.95039999999999,9.6805,0.9028,0.9487,1.687
689,105.10279999999999,14.1215,0.9012,0.9557,1.6936
690,105.25519999999999,16.8226,0.9005,0.9606,1.7005
691,105.40759999999999,19.5588,0.9002,0.9617,1.6944
692,105.55999999999999,18.0841,0.8986,0.9593,1.6853
693,105.71239999999999,17.6337,0.8968,0.9539,1.6849
694,105.86479999999999,15.6573,0.8934,0.9461,1.6787
695,106.01719999999999,14.3057,0.8955,0.9372,1.6779
696,106.16959999999999,11.388,0.8894,0.9291,1.6808
697,106.32199999999999,10.5246,0.8929,0.9238,1.6854
698,106.47439999999999,10.6484,0.8934,0.924,1.676
699,106.62679999999999,12.7247,0.902,0.9314,1.6676
700,106.77919999999999,14.2667,0.9047,0.9449,1.6594
701,106.93159999999999,17.0904,0.9056,0.9606,1.6605
702,107.08399999999999,19.3559,0.9068,0.9727,1.6622
703,107.23639999999999,20.8663,0.9063,0.9763,1.667
704,107.38879999999997,20.4579,0.9039,0.9708,1.6714
705,107.54119999999998,18.4887,0.9011,0.96,1.673
706,107.69359999999998,16.171,0.8991,0.9488,1.6686
707,107.84599999999998,13.3442,0.8912,0.9405,1.6801
708,107.99839999999998,10.7255,0.8856,0.9363,1.6944
709,108.15079999999998,7.7474,0.8847,0.9354,1.6935
710,108.30319999999998,6.0877,0.8843,0.9366,1.6914
711,108.45559999999998,5.4458,0.8838,0.9388,1.6912
712,108.60799999999998,5.6834,0.8851,0.9411,1.694
713,108.76039999999998,6.5183,0.8883,0.943,1.6993
714,108.91279999999998,6.5166,0.8918,0.9441,1.7082
715,109.06519999999998,6.6342,0.8924,0.945,1.7151
716,109.21759999999998,6.5799,0.8929,0.9458,1.7165
717,109.36999999999998,7.734,0.8951,0.9464,1.7203
718,109.52239999999998,8.6431,0.8967,0.9465,1.7126
719,109.67479999999998,8.2093,0.8992,0.9472,1.6973
720,109.82719999999998,7.8509,0.9047,0.9496,1.7053
721,109.97959999999998,8.3097,0.9083,0.9538,1.7165
722,110.13199999999998,10.9976,0.9092,0.9587,1.7182
723,110.28439999999998,13.4797,0.9085,0.9626,1.7253
724,110.43679999999998,15.1381,0.9069,0.9637,1.7212
725,110.58919999999998,16.2179,0.8974,0.9605,1.7067
726,110.74159999999998,16.1191,0.8949,0.9524,1.6828
727,110.89399999999998,16.678,0.8927,0.9406,1.6683
728,111.04639999999998,15.4315,0.8883,0.9282,1.6663
729,111.19879999999998,13.8663,0.8859,0.9194,1.678
730,111.35119999999998,11.3714,0.8824,0.9174,1.7139
731,111.50359999999998,8.7613,0.883,0.9225,1.7332
732,111.65599999999998,7.5464,0.8849,0.9321,1.7148
733,111.80839999999998,6.3779,0.8844,0.9429,1.7016
734,111.96079999999998,7.4077,0.8886,0.9521,1.7095
735,112.11319999999998,7.672,0.8997,0.9576,1.7107
736,112.26559999999998,8.7705,0.8996,0.9593,1.712
737,112.41799999999998,8.4563,0.9009,0.9588,1.718
738,112.57039999999998,7.7976,0.9024,0.9576,1.7271
739,112.72279999999998,6.8616,0.9013,0.9566,1.7236
740,112.87519999999998,5.7724,0.901,0.9562,1.7102
741,113.02759999999998,5.1414,0.8996,0.956,1.696
742,113.17999999999998,4.954,0.8997,0.9554,1.6982
743,113.33239999999998,5.3579,0.9005,0.9544,1.7035
744,113.48479999999998,6.641,0.9025,0.9545,1.7028
745,113.63719999999998,7.0889,0.9039,0.9566,1.6962
746,113.78959999999998,8.1872,0.9039,0.9604,1.6912
747,113.94199999999998,8.6597,0.9072,0.9647,1.6918
748,114.09439999999998,10.5885,0.9101,0.9676,1.6909
749,114.24679999999998,11.1263,0.9096,0.9684,1.6875
750,114.39919999999998,11.7835,0.9104,0.9678,1.684
751,114.55159999999998,11.1121,0.9054,0.9671,1.6848
752,114.70399999999998,10.8508,0.9018,0.9663,1.6921
753,114.85639999999998,10.7858,0.9004,0.9632,1.697
754,115.00879999999998,11.4126,0.9018,0.9557,1.7003
755,115.16119999999998,12.1522,0.8914,0.9442,1.6847
756,115.31359999999998,13.0059,0.8853,0.9324,1.6722
757,115.46599999999998,14.284,0.8849,0.9246,1.6689
758,115.61839999999998,15.9474,0.8809,0.9234,1.68
759,115.77079999999998,16.3001,0.8758,0.9273,1.6962
760,115.92319999999998,15.9627,0.8777,0.933,1.6957
761,116.07559999999998,14.6796,0.8773,0.9376,1.6946
762,116.22799999999998,12.7937,0.8814,0.9399,1.6925
763,116.38039999999998,10.6746,0.8824,0.9404,1.6939
764,116.53279999999998,9.0985,0.8846,0.9412,1.6954
765,116.68519999999998,8.5958,0.8931,0.9435,1.6982
766,116.83759999999998,7.5412,0.8968,0.9478,1.702
767,116.98999999999998,6.9627,0.8989,0.9533,1.7027
768,117.14239999999998,6.5008,0.9,0.9593,1.7089
769,117.29479999999998,7.1398,0.9034,0.9643,1.7114
770,117.44719999999998,6.9932,0.9113,0.9679,1.7169
771,117.59959999999998,7.3643,0.914,0.9702,1.7122
772,117.75199999999998,7.5748,0.9171,0.9713,1.7039
773,117.90439999999998,7.9738,0.9182,0.9717,1.6984
774,118.05679999999998,7.872,0.9191,0.972,1.7034
775,118.20919999999998,7.5715,0.9202,0.9723,1.7056
776,118.36159999999998,7.6854,0.9221,0.9715,1.7109
777,118.51399999999998,9.0783,0.9239,0.9697,1.7149
778,118.66639999999998,9.9679,0.9239,0.9683,1.7061
779,118.81879999999998,10.993,0.9233,0.9697,1.7254
780,118.97119999999998,11.1123,0.9222,0.9745,1.7455
781,119.12359999999998,11.1316,0.9218,0.9796,1.7376
782,119.27599999999998,9.9814,0.9218,0.9796,1.7015
783,119.42839999999998,8.7541,0.9171,0.9722,1.6942
784,119.58079999999998,8.1128,0.9137,0.9607,1.7043
785,119.73319999999998,7.088,0.9138,0.9516,1.7059
786,119.88559999999998,6.3879,0.913,0.949,1.7073
787,120.03799999999998,5.7462,0.9095,0.9526,1.7178
788,120.19039999999998,6.6125,0.9081,0.9587,1.727
789,120.34279999999998,6.8933,0.9077,0.9643,1.737
790,120.49519999999998,7.8992,0.9085,0.9686,1.7246
791,120.64759999999998,8.1909,0.9097,0.9721,1.7159
792,120.79999999999998,9.0879,0.911,0.9747,1.6928
793,120.95239999999998,7.7741,0.9109,0.9751,1.7184
794,121.10479999999998,7.9089,0.9101,0.9725,1.7138
795,121.25719999999998,7.3369,0.9103,0.9673,1.693
796,121.40959999999998,8.4956,0.9097,0.9621,1.6832
797,121.56199999999998,7.596,0.9085,0.9586,1.7295
798,121.71439999999998,7.3,0.9079,0.9568,1.7562
799,121.86679999999998,7.154,0.9075,0.9551,1.7282
800,122.01919999999998,8.1585,0.9025,0.9524,1.7073
801,122.17159999999998,8.6608,0.9022,0.9489,1.7069
802,122.32399999999998,8.7351,0.9028,0.9462,1.7045
803,122.47639999999998,9.023,0.9033,0.9466,1.6901
804,122.62879999999998,8.9659,0.9038,0.9505,1.6813
805,122.78119999999998,8.1715,0.9083,0.9572,1.6837
806,122.93359999999998,7.1812,0.9104,0.9651,1.6947
807,123.08599999999998,6.2782,0.9105,0.9727,1.7048
808,123.23839999999998,7.0563,0.9175,0.9783,1.7128
809,123.39079999999998,7.7808,0.9204,0.9811,1.7239
810,123.54319999999998,9.3583,0.9208,0.9807,1.7226
811,123.69559999999998,10.3652,0.9207,0.9777,1.7126
812,123.84799999999998,10.561,0.9201,0.9739,1.7056
813,124.00039999999998,9.9674,0.9158,0.9709,1.6983
814,124.15279999999998,8.8441,0.9097,0.9683,1.6982
815,124.30519999999999,8.1024,0.9072,0.9647,1.7052
816,124.45759999999999,7.5615,0.9021,0.9592,1.7113
817,124.60999999999999,7.3198,0.8984,0.952,1.7091
818,124.76239999999999,6.8895,0.8947,0.9449,1.7031
819,124.91479999999999,6.4207,0.8933,0.9397,1.6952
820,125.06719999999999,5.57,0.8926,0.9373,1.6957
821,125.21959999999999,5.5164,0.8903,0.9371,1.6963
822,125.37199999999999,6.1193,0.8882,0.9382,1.6989
823,125.52439999999999,7.3651,0.8884,0.9399,1.7035
824,125.67679999999999,8.0362,0.8885,0.9412,1.7087
825,125.82919999999999,8.5815,0.8931,0.9418,1.715
826,125.98159999999999,8.267,0.8953,0.9425,1.7127
827,126.13399999999999,8.2404,0.8968,0.9447,1.7035
828,126.28639999999999,7.5776,0.9018,0.949,1.7009
829,126.43879999999999,7.5172,0.9047,0.9548,1.7077
830,126.59119999999999,7.6624,0.9072,0.96,1.7116
831,126.74359999999999,8.1858,0.908,0.9634,1.7065
832,126.89599999999999,8.9041,0.9114,0.9648,1.7018
833,127.04839999999997,9.2594,0.9126,0.9648,1.6973
834,127.20079999999997,9.5219,0.9127,0.9634,1.6992
835,127.35319999999997,10.2184,0.9121,0.9596,1.7025
836,127.50559999999997,10.3669,0.906,0.9535,1.7005
837,127.65799999999997,10.686,0.9054,0.9472,1.6917
838,127.81039999999997,10.5463,0.9051,0.9436,1.6873
839,127.96279999999997,10.6711,0.9046,0.9448,1.6809
840,128.1152,10.2105,0.9027,0.9501,1.6837
841,128.2676,9.1831,0.9038,0.9566,1.7017
842,128.42,8.9211,0.9016,0.9608,1.71
843,128.5724,8.8565,0.9051,0.9616,1.7014
844,128.7248,8.9485,0.9061,0.9602,1.6882
845,128.8772,8.7019,0.9045,0.9587,1.6801
846,129.0296,8.8363,0.9068,0.9583,1.685
847,129.182,8.6786,0.9095,0.9588,1.6966
848,129.3344,8.5082,0.9101,0.9597,1.705
849,129.4868,8.4607,0.9118,0.9614,1.7086
850,129.6392,8.5495,0.915,0.9645,1.702
851,129.7916,7.9472,0.9142,0.9681,1.7011
852,129.944,7.6162,0.9137,0.9708,1.7056
853,130.0964,6.7184,0.9104,0.9708,1.7068
854,130.2488,7.0144,0.91,0.9681,1.705
855,130.4012,7.1454,0.9099,0.9637,1.7024
856,130.5536,7.6027,0.9086,0.9593,1.7004
857,130.706,7.7191,0.9062,0.9556,1.7002
858,130.8584,6.8642,0.9056,0.9533,1.6984
859,131.0108,6.4222,0.9065,0.9528,1.6994
860,131.1632,5.771,0.9059,0.9536,1.7041
861,131.3156,6.2663,0.9061,0.9556,1.7037
862,131.468,6.4117,0.9067,0.9587,1.7028
863,131.6204,7.0895,0.9088,0.9632,1.699
864,131.7728,7.4702,0.918,0.9686,1.7
865,131.9252,8.7176,0.9199,0.974,1.7023
866,132.0776,8.9372,0.9222,0.9784,1.6964
867,132.23,9.6189,0.9247,0.9809,1.6838
868,132.3824,9.1969,0.9252,0.9823,1.6783
869,132.5348,8.4476,0.927,0.9832,1.6793
870,132.6872,7.5074,0.9262,0.9835,1.6874
871,132.8396,7.142,0.9257,0.9826,1.6916
872,132.992,7.7247,0.925,0.9806,1.7043
873,133.1444,7.5428,0.9245,0.9782,1.7028
874,133.2968,7.0797,0.9228,0.976,1.7017
875,133.4492,7.6807,0.9214,0.9745,1.7044
876,133.6016,7.4353,0.921,0.9735,1.7034
877,133.754,7.6875,0.9185,0.9725,1.7028
878,133.9064,6.927,0.9158,0.9714,1.7031
879,134.0588,6.4922,0.9157,0.97,1.7073
880,134.2112,6.1064,0.916,0.9685,1.7113
881,134.3636,5.3633,0.9174,0.9669,1.7174
882,134.516,5.1246,0.9183,0.9657,1.7217
883,134.6684,4.78,0.9197,0.9659,1.7216
884,134.8208,4.444,0.9201,0.968,1.7204
885,134.9732,4.8652,0.9204,0.9715,1.7219
886,135.1256,5.0052,0.9208,0.9752,1.7293
887,135.278,5.3825,0.9224,0.9773,1.7314
888,135.4304,5.2982,0.9234,0.9771,1.7292
889,135.5828,5.2957,0.9234,0.9753,1.7259
890,135.7352,5.021,0.9241,0.9735,1.7306
891,135.8876,4.988,0.9228,0.9729,1.7309
892,136.04,4.9367,0.9223,0.9734,1.7286
893,136.1924,5.3933,0.9225,0.9741,1.7208
894,136.3448,5.4141,0.9217,0.9742,1.7195
895,136.4972,5.4347,0.9225,0.9733,1.7198
896,136.64959999999996,5.8856,0.9228,0.9721,1.7224
897,136.80199999999996,6.8616,0.9233,0.9714,1.7165
898,136.95439999999996,7.7464,0.9242,0.9718,1.715
899,137.10679999999996,7.3526,0.9259,0.9731,1.7169
900,137.25919999999996,6.7525,0.9336,0.9763,1.7233
901,137.41159999999996,6.6611,0.9382,0.9825,1.7307
902,137.56399999999996,7.8238,0.9394,0.9917,1.736
903,137.71639999999996,8.7905,0.9412,1.0025,1.7375
904,137.86879999999996,9.8099,0.9511,1.012,1.7301
905,138.02119999999996,9.6303,0.9524,1.0167,1.7239
906,138.17359999999996,10.2199,0.9523,1.0146,1.7143
907,138.32599999999996,10.4976,0.9508,1.0069,1.7099
908,138.47839999999997,11.0423,0.9485,0.9969,1.7017
909,138.63079999999997,10.7523,0.9443,0.9877,1.7029
910,138.78319999999997,9.9637,0.9351,0.981,1.703
911,138.93559999999997,8.5671,0.9311,0.9766,1.7106
912,139.08799999999997,7.3185,0.9288,0.9734,1.7134
913,139.24039999999997,5.9866,0.924,0.9709,1.7257
914,139.39279999999997,5.7803,0.9196,0.9696,1.7333
915,139.54519999999997,5.2279,0.9181,0.9697,1.7364
916,139.69759999999997,4.7584,0.9171,0.9701,1.7335
917,139.84999999999997,4.6524,0.9164,0.9698,1.7294
918,140.00239999999997,4.7018,0.9148,0.9683,1.7276
919,140.15479999999997,5.2314,0.9146,0.9659,1.7287
920,140.30719999999997,5.1422,0.9144,0.9632,1.7329
921,140.45959999999997,5.573,0.9143,0.9616,1.7318
922,140.61199999999997,5.7898,0.9143,0.9613,1.732
923,140.76439999999997,5.6831,0.9142,0.9625,1.7276
924,140.91679999999997,5.1688,0.9139,0.9647,1.7253
925,141.06919999999997,5.3261,0.9139,0.9673,1.7268
926,141.22159999999997,6.0479,0.9145,0.9694,1.7286
927,141.37399999999997,6.3174,0.9157,0.9705,1.7246
928,141.52639999999997,6.4834,0.9161,0.9705,1.7216
929,141.67879999999997,6.093,0.9162,0.9698,1.7157
930,141.83119999999997,6.1796,0.9151,0.9691,1.7197
931,141.98359999999997,6.149,0.9132,0.9688,1.7211
932,142.13599999999997,6.7363,0.9102,0.9681,1.7228
933,142.28839999999997,6.9401,0.9093,0.9663,1.7218
934,142.44079999999997,6.4192,0.9093,0.9636,1.7224
935,142.59319999999997,5.7039,0.9093,0.961,1.7273
936,142.74559999999997,5.3884,0.9098,0.9596,1.7339
937,142.89799999999997,5.6168,0.9104,0.9603,1.7365
938,143.05039999999997,5.9256,0.911,0.9625,1.7344
939,143.20279999999997,6.6275,0.9117,0.9652,1.7362
940,143.35519999999997,6.2666,0.9146,0.9677,1.7369
941,143.50759999999997,6.1962,0.9145,0.9694,1.7433
942,143.65999999999997,5.303,0.9122,0.9696,1.7416
943,143.81239999999997,5.5411,0.9096,0.9679,1.7438
944,143.96479999999997,5.9218,0.9089,0.9642,1.7422
945,144.11719999999997,6.3685,0.9082,0.959,1.7454
946,144.26959999999997,6.2403,0.9046,0.9534,1.7416
947,144.42199999999997,5.8645,0.9017,0.9489,1.7343
948,144.57439999999997,5.5679,0.9001,0.9461,1.7311
949,144.72679999999997,5.1478,0.8996,0.9449,1.7374
950,144.87919999999997,5.4103,0.8992,0.9444,1.7371
951,145.03159999999997,5.4542,0.8978,0.9442,1.7373
952,145.18399999999997,6.3691,0.8981,0.944,1.7335
953,145.33639999999997,6.2726,0.8975,0.9438,1.7353
954,145.48879999999997,6.5199,0.8965,0.9436,1.7373
955,145.64119999999997,6.5669,0.8954,0.9433,1.7355
956,145.79359999999997,6.4109,0.8951,0.9421,1.7294
957,145.94599999999997,6.2342,0.8938,0.9392,1.7275
958,146.09839999999997,5.4686,0.8861,0.9343,1.7307
959,146.25079999999997,4.9136,0.8839,0.9281,1.7373
960,146.40319999999997,5.0819,0.8832,0.9226,1.742
961,146.55559999999997,5.0056,0.8815,0.9198,1.7444
962,146.70799999999997,5.3366,0.8803,0.9202,1.7447
963,146.86039999999997,4.9273,0.8803,0.9229,1.747
964,147.01279999999997,5.5188,0.8811,0.9264,1.7403
965,147.16519999999997,5.93,0.8846,0.9301,1.7318
966,147.31759999999997,6.9429,0.8849,0.9337,1.7264
967,147.46999999999997,7.3666,0.8902,0.938,1.7271
968,147.62239999999997,7.1407,0.8965,0.9436,1.7269
969,147.77479999999997,6.6188,0.8964,0.9498,1.7429
970,147.92719999999997,6.0156,0.8928,0.954,1.7591
971,148.07959999999997,6.1993,0.8901,0.9528,1.7795
972,148.23199999999997,6.1611,0.8888,0.9446,1.773
973,148.38439999999997,5.8191,0.8887,0.9327,1.7568
974,148.53679999999997,5.5803,0.8862,0.9229,1.7398
975,148.68919999999997,5.5707,0.8845,0.9195,1.7288
976,148.84159999999997,5.4292,0.8813,0.9223,1.7335
977,148.99399999999997,5.4225,0.8743,0.927,1.7613
978,149.14639999999997,4.8717,0.8726,0.9294,1.7608
979,149.29879999999997,4.8983,0.8725,0.9284,1.7357
980,149.45119999999997,5.4953,0.8743,0.9262,1.7133
981,149.60359999999997,6.0936,0.8794,0.9256,1.7057
982,149.75599999999997,6.9026,0.881,0.9274,1.7122
983,149.90839999999997,6.4437,0.8819,0.9304,1.7204
984,150.06079999999997,6.2551,0.8864,0.9331,1.7236
985,150.21319999999997,5.3981,0.8896,0.9348,1.7173
986,150.36559999999997,5.2125,0.8902,0.9361,1.7154
987,150.51799999999997,5.198,0.8906,0.9383,1.7245
988,150.67039999999997,5.5919,0.8926,0.9415,1.7337
989,150.82279999999997,5.8787,0.8908,0.9445,1.7383
990,150.97519999999997,5.6991,0.8893,0.9452,1.7356
991,151.12759999999997,5.0355,0.8893,0.9424,1.7304
992,151.27999999999997,4.508,0.8892,0.9373,1.7228
993,151.43239999999997,5.3533,0.8872,0.9319,1.7159
994,151.58479999999997,5.992,0.8868,0.9284,1.7131
995,151.73719999999997,6.1124,0.8857,0.9279,1.7195
996,151.88959999999997,5.5114,0.8869,0.9304,1.7252
997,152.04199999999997,5.4624,0.8877,0.9352,1.7195
998,152.19439999999997,5.5577,0.8956,0.9418,1.7081
999,152.34679999999997,5.2363,0.8989,0.9499,1.7036
1000,152.49919999999997,5.8128,0.8993,0.9591,1.7154
1001,152.65159999999997,5.7321,0.9064,0.9684,1.7247
1002,152.80399999999997,5.4553,0.9159,0.9764,1.7369
1003,152.95639999999997,5.3463,0.9193,0.9811,1.7404
1004,153.10879999999997,5.7567,0.921,0.9815,1.7414
1005,153.26119999999997,7.1504,0.922,0.9785,1.7373
1006,153.41359999999997,7.4052,0.9224,0.9742,1.7285
1007,153.56599999999997,7.2968,0.9222,0.9704,1.7251
1008,153.71839999999997,6.4904,0.9197,0.9685,1.7305
1009,153.87079999999997,6.6454,0.9189,0.969,1.7309
1010,154.02319999999997,6.8922,0.9191,0.9711,1.7305
1011,154.17559999999997,7.1113,0.9185,0.9739,1.7265
1012,154.32799999999997,6.7443,0.9187,0.9765,1.732
1013,154.48039999999997,5.7464,0.918,0.9778,1.7307
1014,154.63279999999997,5.259,0.9173,0.9765,1.7313
1015,154.78519999999997,4.3726,0.9154,0.9729,1.7365
1016,154.93759999999997,5.3091,0.911,0.9682,1.7415
1017,155.08999999999997,5.5117,0.9079,0.9632,1.7357
1018,155.24239999999998,6.0899,0.9065,0.9585,1.7309
1019,155.39479999999998,5.9222,0.9046,0.9544,1.7322
1020,155.54719999999998,6.1716,0.8942,0.9505,1.7279
1021,155.69959999999998,5.2821,0.8848,0.9463,1.7267
1022,155.85199999999998,5.0448,0.8826,0.9409,1.7195
1023,156.00439999999998,4.8509,0.8808,0.934,1.7273
1024,156.15679999999998,5.5876,0.8779,0.9263,1.7294
1025,156.30919999999998,5.2499,0.8771,0.92,1.7243
1026,156.46159999999998,5.7405,0.8772,0.9178,1.7061
1027,156.61399999999998,6.1797,0.8782,0.9209,1.7078
1028,156.76639999999998,6.6237,0.8819,0.9279,1.7184
1029,156.91879999999998,6.0585,0.8871,0.9365,1.7293
1030,157.07119999999998,5.7869,0.8922,0.9447,1.7266
1031,157.22359999999998,5.6588,0.9011,0.9512,1.7218
1032,157.37599999999998,6.2276,0.905,0.9562,1.7209
1033,157.52839999999998,6.5101,0.9056,0.9601,1.7199
1034,157.68079999999998,6.7672,0.9047,0.9632,1.7218
1035,157.83319999999998,6.4958,0.9101,0.9657,1.7229
1036,157.98559999999998,6.0427,0.9164,0.9681,1.7239
1037,158.13799999999998,5.9241,0.9172,0.9708,1.7271
1038,158.29039999999998,6.2575,0.9178,0.9731,1.7255
1039,158.44279999999998,6.6755,0.9189,0.9744,1.723
1040,158.59519999999998,6.9536,0.9201,0.9745,1.7241
1041,158.74759999999998,6.817,0.9214,0.974,1.7268
1042,158.89999999999998,7.1619,0.923,0.9743,1.7265
1043,159.05239999999998,7.0655,0.9249,0.9762,1.7262
1044,159.20479999999998,6.7885,0.9251,0.9787,1.7303
1045,159.35719999999998,6.9392,0.9225,0.9794,1.7519
1046,159.50959999999998,6.8172,0.9201,0.976,1.7661
1047,159.66199999999998,6.237,0.9204,0.9687,1.7682
1048,159.81439999999998,5.6065,0.9213,0.9608,1.758
1049,159.96679999999998,5.4483,0.9257,0.9565,1.7535
1050,160.11919999999998,5.4454,0.9278,0.9585,1.7513
1051,160.27159999999998,5.9403,0.9292,0.9674,1.7482
1052,160.42399999999998,5.8791,0.9319,0.9807,1.75
1053,160.57639999999998,6.7456,0.9436,0.9945,1.7572
1054,160.72879999999998,6.8695,0.9509,1.0051,1.7643
1055,160.88119999999998,7.0646,0.9529,1.011,1.7561
1056,161.03359999999998,6.976,0.9541,1.0132,1.7473
1057,161.18599999999998,6.3574,0.9548,1.014,1.7393
1058,161.33839999999998,6.8531,0.962,1.0152,1.7473
1059,161.49079999999998,6.8906,0.962,1.0163,1.7564
1060,161.64319999999998,7.4914,0.9615,1.0154,1.7564
1061,161.79559999999998,7.6778,0.9609,1.0123,1.7474
1062,161.94799999999998,7.7528,0.9511,1.0081,1.7447
1063,162.10039999999998,7.613,0.9445,1.0036,1.7468
1064,162.25279999999998,7.0997,0.9427,0.9989,1.7475
1065,162.40519999999998,7.3776,0.941,0.9933,1.7442
1066,162.55759999999998,6.5621,0.9363,0.9866,1.7441
1067,162.70999999999998,6.5559,0.9242,0.9797,1.7446
1068,162.86239999999998,6.4805,0.9212,0.9741,1.7514
1069,163.01479999999998,6.796,0.9207,0.97,1.7509
1070,163.16719999999998,6.8045,0.9185,0.967,1.7497
1071,163.31959999999998,6.0281,0.9155,0.9646,1.7508
1072,163.47199999999998,6.6633,0.9151,0.9633,1.7502
1073,163.62439999999998,6.6095,0.9148,0.9637,1.7455
1074,163.77679999999998,7.0055,0.9149,0.9655,1.7349
1075,163.92919999999998,6.3387,0.9152,0.9677,1.7397
1076,164.08159999999998,5.8221,0.9156,0.9694,1.7455
1077,164.23399999999998,5.5826,0.9173,0.9703,1.7537
1078,164.38639999999998,5.8562,0.9205,0.9711,1.7546
1079,164.53879999999998,6.0175,0.9215,0.973,1.7545
1080,164.69119999999998,6.0813,0.9218,0.9764,1.7588
1081,164.84359999999998,6.2631,0.9264,0.9803,1.7585
1082,164.99599999999998,6.3247,0.9294,0.9834,1.7606
1083,165.14839999999998,6.5331,0.9314,0.9853,1.762
1084,165.30079999999998,6.6614,0.9324,0.9866,1.757
1085,165.45319999999998,7.477,0.9327,0.9879,1.7504
1086,165.60559999999998,7.1185,0.9399,0.9897,1.7415
1087,165.75799999999998,6.7237,0.9455,0.9925,1.7467
1088,165.91039999999998,6.4529,0.9465,0.9965,1.7629
1089,166.06279999999998,7.1912,0.9464,1.0012,1.7759
1090,166.21519999999998,7.7628,0.947,1.0058,1.7811
1091,166.36759999999998,7.7285,0.9456,1.0083,1.7704
1092,166.51999999999998,7.0342,0.946,1.0072,1.7618
1093,166.67239999999998,6.0118,0.9468,1.0026,1.756
1094,166.82479999999998,5.5059,0.9464,0.9963,1.7551
1095,166.97719999999998,5.8526,0.9472,0.9909,1.7604
1096,167.12959999999998,6.2067,0.9481,0.9892,1.7636
1097,167.28199999999998,6.4483,0.9499,0.993,1.7699
1098,167.43439999999998,5.7594,0.9567,1.0015,1.7792
1099,167.58679999999998,5.6971,0.9638,1.0125,1.7904
1100,167.73919999999998,5.5192,0.9658,1.0234,1.8026
1101,167.89159999999998,6.0589,0.9658,1.0323,1.8073
1102,168.04399999999998,5.9015,0.9731,1.0379,1.8055
1103,168.19639999999998,5.9908,0.9733,1.04,1.8007
1104,168.34879999999998,6.1574,0.9733,1.038,1.7932
1105,168.50119999999998,6.5196,0.9737,1.0321,1.7889
1106,168.65359999999998,6.7211,0.9716,1.0245,1.7798
1107,168.80599999999998,6.1458,0.9729,1.0181,1.7728
1108,168.95839999999998,5.7162,0.9747,1.0157,1.7673
1109,169.11079999999998,5.3934,0.9746,1.0194,1.7661
1110,169.26319999999998,5.8293,0.976,1.0285,1.7732
1111,169.41559999999998,5.8525,0.9814,1.0397,1.785
1112,169.56799999999998,5.9386,0.9833,1.0492,1.7914
1113,169.72039999999998,5.8432,0.9839,1.0541,1.7931
1114,169.87279999999998,6.6463,0.9841,1.0541,1.7846
1115,170.02519999999998,6.1772,0.9914,1.0516,1.7825
1116,170.17759999999998,6.8334,0.9897,1.0488,1.7765
1117,170.32999999999998,6.6945,0.992,1.0459,1.774
1118,170.48239999999998,7.0192,0.9896,1.0427,1.7794
1119,170.63479999999998,6.8514,0.9814,1.0396,1.7818
1120,170.78719999999998,5.6198,0.9796,1.0364,1.7785
1121,170.93959999999998,5.5973,0.9778,1.0328,1.7669
1122,171.09199999999998,4.5418,0.972,1.0288,1.7667
1123,171.24439999999998,5.0919,0.9703,1.0247,1.7669
1124,171.39679999999998,5.1706,0.9716,1.0208,1.7692
1125,171.54919999999998,6.0033,0.9604,1.0174,1.7669
1126,171.70159999999998,6.4028,0.955,1.0141,1.7732
1127,171.85399999999998,6.5899,0.9536,1.0101,1.7695
1128,172.00639999999999,6.2834,0.9504,1.005,1.7657
1129,172.15879999999999,5.7515,0.9468,1.0006,1.758
1130,172.31119999999999,5.6363,0.9453,0.9979,1.7582
1131,172.46359999999999,5.9169,0.9443,0.9966,1.7569
1132,172.61599999999999,6.2999,0.9433,0.9962,1.7558
1133,172.76839999999999,6.7691,0.9402,0.9959,1.7554
1134,172.92079999999999,6.6496,0.9353,0.9947,1.7574
1135,173.07319999999999,6.5491,0.9345,0.9919,1.7591
1136,173.2256,6.1735,0.9341,0.9884,1.7531
1137,173.378,5.834,0.9336,0.9848,1.7446
1138,173.5304,5.751,0.9316,0.9818,1.7452
1139,173.6828,5.1088,0.9314,0.9807,1.7488
1140,173.8352,5.761,0.9317,0.9822,1.7529
1141,173.9876,5.7024,0.9322,0.9856,1.7568
1142,174.14,5.792,0.9355,0.9895,1.754
1143,174.2924,5.47,0.9383,0.9929,1.7537
1144,174.4448,5.5532,0.9392,0.9955,1.7582
1145,174.5972,5.5611,0.9399,0.998,1.7624
1146,174.7496,5.2926,0.9487,1.0011,1.7597
1147,174.902,4.9279,0.952,1.0049,1.7583
1148,175.0544,4.3517,0.953,1.0086,1.7609
1149,175.2068,3.4664,0.9535,1.0115,1.7658
1150,175.3592,3.773,0.9551,1.0136,1.7634
1151,175.5116,4.4646,0.9554,1.0146,1.7566
1152,175.664,5.2128,0.9557,1.0139,1.7544
1153,175.81639999999996,5.3698,0.9554,1.0111,1.7581
1154,175.96879999999996,5.348,0.9531,1.0069,1.7542
1155,176.12119999999996,5.734,0.9533,1.0029,1.7549
1156,176.27359999999996,6.0722,0.9537,1.0008,1.757
1157,176.42599999999996,6.0966,0.9548,1.0017,1.7621
1158,176.57839999999996,6.111,0.9557,1.0054,1.7571
1159,176.73079999999996,6.4659,0.9563,1.0104,1.7581
1160,176.88319999999996,6.6056,0.957,1.0147,1.7684
1161,177.03559999999996,6.6183,0.9624,1.0168,1.7754
1162,177.18799999999996,5.804,0.9657,1.0175,1.7741
1163,177.34039999999996,5.8124,0.9665,1.0189,1.7675
1164,177.49279999999996,4.8344,0.97,1.0234,1.7652
1165,177.64519999999996,4.5509,0.9749,1.0308,1.7528
1166,177.79759999999996,4.6134,0.9754,1.0385,1.7451
1167,177.94999999999996,5.2527,0.9766,1.0434,1.746
1168,178.10239999999996,6.0662,0.9791,1.0438,1.753
1169,178.25479999999996,6.4445,0.9901,1.0413,1.7619
1170,178.40719999999996,6.3372,0.9942,1.0391,1.773
1171,178.55959999999996,6.2621,0.9941,1.0403,1.7757
1172,178.71199999999996,5.6436,0.9934,1.046,1.7745
1173,178.86439999999996,5.1425,0.9873,1.0544,1.7823
1174,179.01679999999996,4.4491,0.9854,1.0605,1.7809
1175,179.16919999999996,4.404,0.9844,1.0591,1.7729
1176,179.32159999999996,4.6963,0.9813,1.0491,1.7627
1177,179.47399999999996,5.0118,0.9748,1.0345,1.7631
1178,179.62639999999996,5.2811,0.9685,1.0208,1.7714
1179,179.77879999999996,5.2767,0.967,1.0117,1.7707
1180,179.93119999999996,5.1857,0.9647,1.0075,1.7686
1181,180.08359999999996,5.0461,0.9597,1.0066,1.7681
1182,180.23599999999996,5.0377,0.9592,1.0072,1.7701
1183,180.38839999999996,4.6781,0.9595,1.0089,1.7671
1184,180.54079999999996,4.7037,0.9602,1.0109,1.7611
1185,180.69319999999996,4.8066,0.9657,1.0122,1.7562
1186,180.84559999999996,4.9699,0.9738,1.0137,1.7654
1187,180.99799999999996,5.1204,0.9751,1.0184,1.7694
1188,181.15039999999996,5.0498,0.9814,1.0285,1.773
1189,181.30279999999996,5.0974,0.9951,1.0439,1.7706
1190,181.45519999999996,5.6867,0.9984,1.0607,1.7683
1191,181.60759999999996,6.4267,1.0015,1.0727,1.782
1192,181.75999999999996,6.739,1.0061,1.0752,1.7971
1193,181.91239999999996,5.8271,1.0114,1.07,1.8139
1194,182.06479999999996,4.9979,1.0151,1.0623,1.8055
1195,182.21719999999996,5.2659,1.0151,1.0561,1.8047
1196,182.36959999999996,5.6176,1.0139,1.0527,1.8022
1197,182.52199999999996,5.4289,0.9985,1.0508,1.8075
1198,182.67439999999996,4.875,0.9934,1.0478,1.7985
1199,182.82679999999996,4.5318,0.9924,1.0427,1.7911
1200,182.97919999999996,5.4057,0.9888,1.0372,1.7774
1201,183.13159999999996,6.0076,0.9796,1.0331,1.7761
1202,183.28399999999996,5.6531,0.9768,1.0306,1.7763
1203,183.43639999999996,5.4554,0.9751,1.0288,1.7748
1204,183.58879999999996,4.3112,0.9738,1.0261,1.7748
1205,183.74119999999996,5.0139,0.9752,1.0222,1.7775
1206,183.89359999999996,4.5781,0.9689,1.0179,1.7801
1207,184.04599999999996,5.4105,0.967,1.015,1.782
1208,184.19839999999996,4.7819,0.9665,1.0146,1.7869
1209,184.35079999999996,4.9557,0.9666,1.016,1.7874
1210,184.50319999999996,4.6823,0.9668,1.0179,1.7865
1211,184.65559999999996,4.6909,0.9684,1.0194,1.7831
1212,184.80799999999996,4.8495,0.9697,1.0203,1.7901
1213,184.96039999999996,5.1928,0.9697,1.0211,1.796
1214,185.11279999999996,4.9623,0.9702,1.0222,1.7923
1215,185.26519999999996,4.8627,0.9733,1.0235,1.7895
1216,185.41759999999996,4.9245,0.9743,1.0247,1.7916
1217,185.56999999999996,5.3675,0.9742,1.0254,1.7965
1218,185.72239999999996,5.4679,0.9726,1.0253,1.7988
1219,185.87479999999996,5.4655,0.9704,1.0246,1.7968
1220,186.02719999999997,5.806,0.9704,1.0235,1.7963
1221,186.17959999999997,5.8696,0.9708,1.0219,1.7941
1222,186.33199999999997,5.884,0.9699,1.0197,1.7917
1223,186.48439999999997,5.6339,0.9714,1.0176,1.7867
1224,186.63679999999997,5.0005,0.9723,1.0177,1.7913
1225,186.78919999999997,4.3388,0.9724,1.022,1.8034
1226,186.94159999999997,4.4579,0.9803,1.0302,1.8082
1227,187.09399999999997,4.6928,0.985,1.0399,1.8096
1228,187.24639999999997,4.1439,0.9849,1.0486,1.801
1229,187.39879999999997,3.949,0.9907,1.0554,1.7932
1230,187.55119999999997,4.139,1.0058,1.061,1.7908
1231,187.70359999999997,4.7644,1.0091,1.0659,1.7901
1232,187.85599999999997,4.8221,1.0104,1.0694,1.7879
1233,188.00839999999997,4.2662,1.0115,1.0711,1.7908
1234,188.16079999999997,5.0162,1.0098,1.071,1.7985
1235,188.31319999999997,5.6499,1.009,1.0698,1.801
1236,188.46559999999997,6.2861,1.0085,1.0677,1.8022
1237,188.61799999999997,6.4919,1.0077,1.0656,1.7981
1238,188.77039999999997,6.1038,1.0071,1.0649,1.7943
1239,188.92279999999997,6.2644,1.0066,1.0665,1.7934
1240,189.07519999999997,5.1928,1.0026,1.0686,1.8091
1241,189.22759999999997,5.0022,0.9999,1.068,1.8246
1242,189.37999999999997,4.7453,0.9989,1.0624,1.834
1243,189.53239999999997,5.3914,0.998,1.0526,1.8245
1244,189.68479999999997,5.6104,0.9953,1.0427,1.804
1245,189.83719999999997,5.8283,0.9927,1.036,1.7882
1246,189.98959999999997,5.0514,0.9917,1.0329,1.7823
1247,190.14199999999997,4.4582,0.9914,1.0311,1.7879
1248,190.29439999999997,3.8586,0.982,1.0287,1.7871
1249,190.44679999999997,4.0531,0.9716,1.0252,1.7818
1250,190.59919999999997,4.473,0.9718,1.0224,1.7818
1251,190.75159999999997,4.7947,0.9728,1.0221,1.7843
1252,190.90399999999997,4.8615,0.9795,1.0241,1.7887
1253,191.05639999999997,4.3529,0.9849,1.0273,1.7903
1254,191.20879999999997,4.6077,0.9927,1.0322,1.7973
1255,191.36119999999997,4.7704,0.994,1.0403,1.8017
1256,191.51359999999997,4.9617,0.9945,1.0514,1.802
1257,191.66599999999997,5.0253,0.9962,1.0629,1.8036
1258,191.81839999999997,5.1344,0.9979,1.0695,1.8062
1259,191.97079999999997,5.8649,0.9978,1.067,1.8034
1260,192.12319999999997,5.5504,0.9967,1.0562,1.7927
1261,192.27559999999997,5.7089,0.9868,1.0424,1.791
1262,192.42799999999997,5.3231,0.9827,1.0311,1.7967
1263,192.58039999999997,5.3067,0.9822,1.0251,1.7937
1264,192.73279999999997,4.8456,0.9823,1.0246,1.7874
1265,192.88519999999997,4.7028,0.9861,1.0277,1.7861
1266,193.03759999999997,4.9139,0.9869,1.0333,1.7928
1267,193.18999999999997,4.896,0.9875,1.0414,1.7998
1268,193.34239999999997,4.5524,0.9903,1.0521,1.8003
1269,193.49479999999997,4.3674,0.9972,1.0634,1.7972
1270,193.64719999999997,4.1751,1.0057,1.0717,1.807
1271,193.79959999999997,4.9358,1.0079,1.0745,1.8051
1272,193.95199999999997,4.8704,1.0086,1.0723,1.8038
1273,194.10439999999997,5.3315,1.0098,1.0683,1.7906
1274,194.25679999999997,5.0535,1.0099,1.0652,1.7974
1275,194.40919999999997,4.7374,1.0049,1.0636,1.8028
1276,194.56159999999997,4.39,1.0047,1.0626,1.8062
1277,194.71399999999997,4.3586,1.0069,1.0613,1.8038
1278,194.86639999999997,5.1334,1.0043,1.0598,1.7976
1279,195.01879999999997,5.0022,1.006,1.0589,1.7946
1280,195.17119999999997,4.7272,1.0058,1.0589,1.7924
1281,195.32359999999997,3.953,1.0039,1.0595,1.7965
1282,195.47599999999997,4.318,0.9996,1.0599,1.8062
1283,195.62839999999997,4.56,0.9981,1.0598,1.8062
1284,195.78079999999997,5.5193,0.9973,1.0586,1.8038
1285,195.93319999999997,6.1477,0.9935,1.0553,1.7944
1286,196.08559999999997,6.301,0.9869,1.0497,1.7872
1287,196.23799999999997,5.6616,0.9849,1.0425,1.7826
1288,196.39039999999997,5.3392,0.9829,1.0353,1.7722
1289,196.54279999999997,5.0061,0.9808,1.0302,1.7748
1290,196.69519999999997,5.4292,0.9798,1.0279,1.782
1291,196.84759999999997,4.8667,0.9792,1.0275,1.7824
1292,196.99999999999997,5.2903,0.978,1.0278,1.7776
1293,197.15239999999997,5.2149,0.9763,1.0281,1.7773
1294,197.30479999999997,5.6121,0.976,1.0277,1.779
1295,197.45719999999997,5.188,0.9768,1.0262,1.7801
1296,197.60959999999997,4.871,0.9788,1.0237,1.787
1297,197.76199999999997,4.287,0.9797,1.0209,1.7871
1298,197.91439999999997,4.47,0.981,1.0214,1.7861
1299,198.06679999999997,4.7497,1.0006,1.0301,1.7904
1300,198.21919999999997,5.6037,1.0059,1.0488,1.8063
1301,198.37159999999997,5.4494,1.0065,1.0726,1.8222
1302,198.52399999999997,5.7905,1.0072,1.0918,1.8285
1303,198.67639999999997,5.383,1.0068,1.0983,1.8252
1304,198.82879999999997,5.4898,1.0076,1.0911,1.8268
1305,198.98119999999997,5.0288,1.0072,1.0761,1.8213
1306,199.13359999999997,4.8622,1.0053,1.06,1.8165
1307,199.28599999999997,4.9253,0.9929,1.0466,1.801
1308,199.43839999999997,4.9236,0.9929,1.0379,1.7993
1309,199.59079999999997,5.2065,0.993,1.0345,1.7981
1310,199.74319999999997,4.8708,0.9984,1.0355,1.8029
1311,199.89559999999997,4.5489,1.0079,1.0393,1.7961
1312,200.04799999999997,4.15,1.0122,1.0464,1.7989
1313,200.20039999999997,4.1493,1.0145,1.0577,1.8185
1314,200.35279999999997,4.0147,1.024,1.0728,1.8411
1315,200.50519999999997,4.4573,1.0365,1.0887,1.8543
1316,200.65759999999997,4.6255,1.0411,1.1007,1.8487
1317,200.80999999999997,5.4613,1.043,1.106,1.838
1318,200.96239999999997,5.6059,1.044,1.105,1.8258
1319,201.11479999999997,5.958,1.0442,1.1008,1.8105
1320,201.26719999999997,5.6689,1.0375,1.0951,1.8076
1321,201.41959999999997,5.1565,1.0364,1.0895,1.8123
1322,201.57199999999997,5.1225,1.0367,1.086,1.8136
1323,201.72439999999997,5.0702,1.0364,1.0857,1.8173
1324,201.87679999999997,5.2632,1.0373,1.0887,1.8169
1325,202.02919999999997,5.1092,1.0449,1.0944,1.8156
1326,202.18159999999997,4.9391,1.0446,1.1019,1.8147
1327,202.33399999999997,4.9166,1.0445,1.1104,1.814
1328,202.48639999999997,5.137,1.0428,1.119,1.8228
1329,202.63879999999997,5.2011,1.0386,1.1248,1.8184
1330,202.79119999999998,5.137,1.0372,1.1223,1.8148
1331,202.94359999999998,4.9183,1.0366,1.1092,1.8026
1332,203.09599999999998,4.8225,1.0314,1.0893,1.8043
1333,203.24839999999998,4.9444,1.0243,1.0703,1.8052
1334,203.40079999999998,5.664,1.0222,1.0594,1.809
1335,203.55319999999998,5.1454,1.0218,1.0598,1.8067
1336,203.70559999999998,4.8335,1.0188,1.0691,1.8138
1337,203.85799999999998,3.426,1.0153,1.081,1.8231
1338,204.01039999999998,3.7881,1.0164,1.0892,1.833
1339,204.16279999999998,4.5906,1.0156,1.0902,1.8294
1340,204.31519999999998,5.1495,1.0164,1.0848,1.8194
1341,204.46759999999998,5.7601,1.0159,1.0771,1.8095
1342,204.61999999999998,5.0512,1.015,1.0706,1.8031
1343,204.77239999999998,5.3048,1.0126,1.0662,1.8014
1344,204.92479999999998,4.7285,1.0046,1.0633,1.8055
1345,205.07719999999998,5.187,1.0016,1.0611,1.8106
1346,205.22959999999998,5.1382,1.0007,1.059,1.8115
1347,205.38199999999998,5.235,1.0001,1.0567,1.8117
1348,205.53439999999998,4.7672,0.9997,1.0543,1.8112
1349,205.68679999999998,4.2149,0.9993,1.0519,1.8092
1350,205.83919999999998,4.38,0.999,1.0496,1.8042
1351,205.99159999999998,5.1748,0.9981,1.0477,1.7922
1352,206.14399999999998,5.4678,0.999,1.046,1.7855
1353,206.29639999999998,5.8822,0.9982,1.0445,1.7834
1354,206.44879999999998,6.1149,0.9977,1.0432,1.7837
1355,206.60119999999998,6.8351,0.9968,1.0413,1.7769
1356,206.75359999999998,6.8582,0.9903,1.0373,1.7452
1357,206.90599999999998,6.3667,0.9897,1.0306,1.7101
1358,207.05839999999998,5.1133,0.9897,1.0228,1.6891
1359,207.21079999999998,4.478,0.9906,1.016,1.7089
1360,207.36319999999998,4.3105,0.991,1.0126,1.7521
1361,207.51559999999998,5.0121,0.9912,1.0152,1.7836
1362,207.66799999999998,5.1877,0.9972,1.0252,1.8156
1363,207.82039999999998,5.2498,0.9997,1.0418,1.8329
1364,207.97279999999998,5.2177,1.0008,1.0607,1.8438
1365,208.12519999999998,4.9453,1.0018,1.0751,1.7918
1366,208.27759999999998,4.5164,1.0062,1.0795,1.7465
1367,208.42999999999998,4.4127,1.009,1.0753,1.7139
1368,208.58239999999998,5.0324,1.0079,1.0683,1.7467
1369,208.73479999999998,4.8497,1.0082,1.0632,1.7985
1370,208.88719999999998,5.5387,1.0092,1.0608,1.8454
1371,209.03959999999998,5.0869,1.0069,1.0599,1.813
1372,209.19199999999998,5.6842,1.007,1.0595,1.7978
1373,209.34439999999998,5.3236,1.0082,1.0596,1.8081
1374,209.49679999999998,5.6716,1.0081,1.0612,1.8133
1375,209.64919999999998,5.5978,1.0106,1.0638,1.8113
1376,209.80159999999998,5.3596,1.0162,1.066,1.8094
1377,209.95399999999998,5.079,1.0174,1.068,1.8087
1378,210.10639999999998,5.0586,1.0176,1.0716,1.8082
1379,210.25879999999998,5.6217,1.015,1.0779,1.8183
1380,210.41119999999998,5.9751,1.0098,1.0857,1.8308
1381,210.56359999999998,5.7364,1.0087,1.0908,1.8403
1382,210.71599999999998,5.4413,1.0081,1.0883,1.8407
1383,210.86839999999998,4.845,1.0062,1.0781,1.8257
1384,211.02079999999998,4.8354,1.0049,1.065,1.8187
1385,211.17319999999998,4.523,1.0034,1.0544,1.8104
1386,211.32559999999998,4.8819,1.0004,1.0489,1.8191
1387,211.47799999999998,4.9032,0.9911,1.0479,1.8229
1388,211.63039999999998,4.9758,0.9907,1.0487,1.8247
1389,211.78279999999998,5.0436,0.9902,1.0487,1.8208
1390,211.93519999999998,5.6896,0.9925,1.0475,1.8102
1391,212.08759999999998,6.0031,0.9925,1.0458,1.8017
1392,212.23999999999998,5.8255,0.9922,1.0444,1.8019
1393,212.39239999999998,6.0455,0.9917,1.0431,1.8067
1394,212.54479999999998,6.1995,0.9884,1.0416,1.819
1395,212.69719999999998,6.6278,0.9878,1.0398,1.8252
1396,212.84959999999998,5.7612,0.9889,1.0384,1.8262
1397,213.00199999999998,5.8089,0.9886,1.0388,1.8235
1398,213.15439999999998,5.6965,0.9872,1.0411,1.8216
1399,213.30679999999998,6.1261,0.9857,1.0438,1.8213
1400,213.45919999999998,6.063,0.9851,1.0453,1.8221
1401,213.61159999999998,6.1721,0.9851,1.0447,1.8219
1402,213.76399999999998,7.1185,0.985,1.0425,1.82
1403,213.91639999999998,6.4939,0.9859,1.0403,1.8137
1404,214.06879999999998,6.5291,0.9858,1.0391,1.8085
1405,214.22119999999998,5.4259,0.9858,1.0392,1.799
1406,214.37359999999998,6.4989,0.9842,1.0397,1.798
1407,214.52599999999998,6.2021,0.9828,1.0394,1.8046
1408,214.67839999999995,6.6184,0.9831,1.0378,1.8147
1409,214.83079999999995,6.29,0.9832,1.0354,1.8148
1410,214.98319999999995,6.9355,0.9864,1.0333,1.8103
1411,215.13559999999995,6.227,0.9881,1.0328,1.8103
1412,215.28799999999995,5.4765,0.9887,1.0343,1.8178
1413,215.44039999999995,4.8052,0.9894,1.0374,1.8178
1414,215.59279999999995,5.0225,0.9903,1.0406,1.8128
1415,215.74519999999995,5.619,0.9914,1.043,1.7999
1416,215.89759999999995,5.8181,0.9993,1.0454,1.7899
1417,216.04999999999995,5.8598,1.0029,1.049,1.781
1418,216.20239999999995,5.5246,1.0034,1.0546,1.7761
1419,216.35479999999995,5.6595,1.004,1.0612,1.7818
1420,216.50719999999995,5.6235,1.004,1.0667,1.7832
1421,216.65959999999995,5.9277,1.0027,1.0684,1.7934
1422,216.81199999999995,5.8218,0.998,1.065,1.8074
1423,216.96439999999996,5.8411,0.9958,1.0574,1.8115
1424,217.11679999999996,5.8482,0.9948,1.0479,1.8109
1425,217.26919999999996,5.9532,0.9938,1.0396,1.8049
1426,217.42159999999996,5.9953,0.9885,1.0347,1.8053
1427,217.57399999999996,5.6555,0.9838,1.0337,1.816
1428,217.72639999999996,5.5057,0.983,1.0346,1.8199
1429,217.87879999999996,5.5015,0.9825,1.0354,1.8264
1430,218.03119999999996,5.8796,0.9803,1.0348,1.815
1431,218.18359999999996,5.6337,0.9797,1.0332,1.8006
1432,218.33599999999996,5.8768,0.9796,1.0315,1.785
1433,218.48839999999996,5.8901,0.9795,1.0311,1.7716
1434,218.64079999999996,5.8726,0.9798,1.0321,1.7725
1435,218.79319999999996,5.5727,0.9812,1.0336,1.7795
1436,218.94559999999996,5.5617,0.9819,1.0352,1.7785
1437,219.09799999999996,5.7505,0.9822,1.0366,1.7725
1438,219.25039999999996,6.4574,0.9836,1.0377,1.7568
1439,219.40279999999996,6.5803,0.9838,1.0387,1.7641
1440,219.55519999999996,5.8758,0.9837,1.0393,1.7694
1441,219.70759999999996,5.1185,0.9838,1.0391,1.7743
1442,219.85999999999996,4.1857,0.9836,1.0381,1.7771
1443,220.01239999999996,4.8811,0.9825,1.0366,1.7833
1444,220.16479999999996,4.3973,0.9822,1.0351,1.786
1445,220.31719999999996,4.4789,0.9816,1.0339,1.7821
1446,220.46959999999996,3.8965,0.9799,1.0328,1.7821
1447,220.62199999999996,4.3372,0.9792,1.0318,1.7867
1448,220.77439999999996,4.2615,0.9788,1.0307,1.7868
1449,220.92679999999996,4.272,0.9772,1.0293,1.783
1450,221.07919999999996,4.151,0.9737,1.0273,1.7773
1451,221.23159999999996,4.5314,0.9731,1.025,1.778
1452,221.38399999999996,4.8275,0.9727,1.0228,1.771
1453,221.53639999999996,5.0987,0.9728,1.0215,1.7697
1454,221.68879999999996,5.1918,0.9734,1.0216,1.7683
1455,221.84119999999996,5.412,0.9744,1.023,1.7715
1456,221.99359999999996,5.7875,0.9753,1.0256,1.7713
1457,222.14599999999996,6.0802,0.9755,1.0288,1.7789
1458,222.29839999999996,5.9586,0.9755,1.0316,1.7858
1459,222.45079999999996,5.1895,0.9765,1.0333,1.7914
1460,222.60319999999996,4.5121,0.9798,1.0338,1.7926
1461,222.75559999999996,4.0347,0.9802,1.0335,1.7883
1462,222.90799999999996,4.2385,0.9799,1.0331,1.7894
1463,223.06039999999996,4.4376,0.9759,1.0329,1.7883
1464,223.21279999999996,5.8864,0.9756,1.0327,1.7855
1465,223.36519999999996,6.2718,0.9756,1.0322,1.7852
1466,223.51759999999996,6.3057,0.9757,1.0307,1.7808
1467,223.66999999999996,5.9221,0.9772,1.0285,1.7791
1468,223.82239999999996,5.6536,0.978,1.0267,1.7705
1469,223.97479999999996,5.5093,0.979,1.0266,1.7716
1470,224.12719999999996,5.5234,0.9803,1.0287,1.7768
1471,224.27959999999996,5.3797,0.9838,1.0324,1.7771
1472,224.43199999999996,5.778,0.9915,1.0366,1.7782
1473,224.58439999999996,5.031,0.9992,1.0415,1.7846
1474,224.73679999999996,5.0761,1.004,1.0486,1.8012
1475,224.88919999999996,5.1645,1.0058,1.0581,1.8127
1476,225.04159999999996,6.1243,1.0091,1.0682,1.8157
1477,225.19399999999996,6.1134,1.0125,1.0754,1.8078
1478,225.34639999999996,5.5636,1.0133,1.0769,1.7994
1479,225.49879999999996,5.0054,1.0101,1.0723,1.7957
1480,225.65119999999996,5.0862,1.0025,1.0634,1.7973
1481,225.80359999999996,5.6218,1.0008,1.0526,1.8034
1482,225.95599999999996,5.9141,0.9952,1.0422,1.8061
1483,226.10839999999996,5.6633,0.9907,1.0344,1.8068
1484,226.26079999999996,5.1372,0.9904,1.0301,1.8004
1485,226.41319999999996,4.3722,0.9832,1.0289,1.7935
1486,226.56559999999996,5.0867,0.9779,1.0295,1.7873
1487,226.71799999999996,5.1183,0.9772,1.0305,1.7889
1488,226.87039999999996,5.3706,0.9773,1.0314,1.7875
1489,227.02279999999996,5.1533,0.9774,1.032,1.787
1490,227.17519999999996,5.6478,0.9798,1.0324,1.7839
1491,227.32759999999996,5.545,0.9787,1.0325,1.7808
1492,227.47999999999996,4.7716,0.9783,1.0329,1.7789
1493,227.63239999999996,4.8197,0.9832,1.0338,1.7784
1494,227.78479999999996,5.6755,0.984,1.0354,1.7812
1495,227.93719999999996,6.5491,0.9841,1.0366,1.781
1496,228.08959999999996,7.009,0.984,1.0367,1.7841
1497,228.24199999999996,6.0166,0.9821,1.0357,1.7838
1498,228.39439999999996,5.8089,0.9808,1.034,1.7889
1499,228.54679999999996,5.1685,0.9801,1.0318,1.7881
1500,228.69919999999996,6.1856,0.9794,1.0287,1.7855
1501,228.85159999999996,5.2772,0.9774,1.025,1.7817
1502,229.00399999999996,5.2268,0.9709,1.0213,1.7858
1503,229.15639999999996,4.3056,0.9673,1.0182,1.8001
1504,229.30879999999996,5.2943,0.9658,1.0159,1.8178
1505,229.46119999999996,5.6139,0.9614,1.014,1.8173
1506,229.61359999999996,6.3671,0.9583,1.0122,1.8063
1507,229.76599999999996,6.25,0.9572,1.0103,1.7946
1508,229.91839999999996,6.843,0.9565,1.0084,1.7907
1509,230.07079999999996,6.6663,0.9557,1.0066,1.79
1510,230.22319999999996,6.7038,0.9538,1.005,1.7927
1511,230.37559999999996,6.4536,0.9525,1.0037,1.7952
1512,230.52799999999996,6.1604,0.9521,1.0026,1.7963
1513,230.68039999999996,6.7506,0.9503,1.0016,1.795
1514,230.83279999999996,6.8033,0.95,1.0004,1.7931
1515,230.98519999999996,7.1595,0.9495,0.9992,1.7955
1516,231.13759999999996,6.3418,0.9488,0.998,1.7986
1517,231.28999999999996,5.7578,0.9474,0.9966,1.8018
1518,231.44239999999996,5.1836,0.9468,0.9951,1.8003
1519,231.59479999999996,5.2164,0.9459,0.9937,1.7976
1520,231.74719999999996,4.9666,0.9441,0.9928,1.7962
1521,231.89959999999996,5.3319,0.9434,0.9924,1.7948
1522,232.05199999999996,6.0861,0.9432,0.9919,1.7925
1523,232.20439999999996,6.1238,0.9431,0.991,1.7951
1524,232.35679999999996,5.4104,0.9418,0.9894,1.7948
1525,232.50919999999996,4.2804,0.9403,0.9877,1.7995
1526,232.66159999999996,4.1279,0.9411,0.9868,1.7974
1527,232.81399999999996,4.8764,0.9444,0.9869,1.7947
1528,232.96639999999996,5.7971,0.9523,0.9882,1.7918
1529,233.11879999999996,6.6223,0.961,0.9916,1.7928
1530,233.27119999999996,6.1999,0.9671,0.9996,1.8028
1531,233.42359999999996,5.6888,0.9684,1.0141,1.8285
1532,233.57599999999996,5.0514,0.9735,1.0332,1.8477
1533,233.72839999999997,5.0053,0.9821,1.0509,1.8622
1534,233.88079999999997,5.7398,0.9844,1.0595,1.8495
1535,234.03319999999997,5.9228,0.9849,1.0562,1.8391
1536,234.18559999999997,5.581,0.9863,1.0456,1.8289
1537,234.33799999999997,5.2739,0.9813,1.0351,1.8285
1538,234.49039999999997,4.9659,0.9805,1.0286,1.8284
1539,234.64279999999997,5.3582,0.9779,1.0261,1.828
1540,234.79519999999997,4.9006,0.9724,1.0256,1.8279
1541,234.94759999999997,4.9009,0.9721,1.0254,1.8254
1542,235.09999999999997,4.5687,0.9719,1.0249,1.8244
1543,235.25239999999997,4.3487,0.9725,1.0248,1.8239
1544,235.40479999999997,4.6255,0.9733,1.025,1.8239
1545,235.55719999999997,4.7918,0.9764,1.0258,1.8255
1546,235.70959999999997,5.0344,0.9813,1.0283,1.8272
1547,235.86199999999997,5.345,0.9817,1.0335,1.8325
1548,236.01439999999997,5.4619,0.9808,1.0404,1.8311
1549,236.16679999999997,5.601,0.9849,1.0464,1.8309
1550,236.31919999999997,5.0126,0.9868,1.0488,1.834
1551,236.47159999999997,5.1358,0.9872,1.0464,1.8371
1552,236.62399999999997,4.5992,0.9872,1.041,1.8414
1553,236.77639999999997,4.884,0.9855,1.0356,1.8346
1554,236.92879999999997,4.7249,0.9837,1.0324,1.8313
1555,237.08119999999997,5.5376,0.9847,1.0315,1.8255
1556,237.23359999999997,5.2669,0.9805,1.0315,1.8214
1557,237.38599999999997,5.7336,0.9736,1.0307,1.816
1558,237.53839999999997,4.6552,0.9752,1.028,1.8145
1559,237.69079999999997,4.7313,0.9731,1.0236,1.8148
1560,237.84319999999997,4.7731,0.9701,1.0187,1.8161
1561,237.99559999999997,5.517,0.9691,1.0144,1.8209
1562,238.14799999999997,6.241,0.9682,1.0114,1.8223
1563,238.30039999999997,5.9888,0.9661,1.0094,1.8165
1564,238.45279999999997,6.1924,0.9633,1.0083,1.8136
1565,238.60519999999997,5.5724,0.9615,1.0072,1.8156
1566,238.75759999999997,5.6449,0.9554,1.0055,1.8182
1567,238.90999999999997,5.6272,0.953,1.003,1.8178
1568,239.06239999999997,6.0001,0.9514,1.0002,1.8105
1569,239.21479999999997,5.713,0.9457,0.9976,1.8096
1570,239.36719999999997,5.8648,0.9436,0.9961,1.8002
1571,239.51959999999997,5.6274,0.9423,0.996,1.7998
1572,239.67199999999997,5.9096,0.9391,0.9966,1.793
1573,239.82439999999997,5.7262,0.9368,0.9969,1.793
1574,239.97679999999997,5.3075,0.9359,0.996,1.7942
1575,240.12919999999997,5.08,0.9355,0.9931,1.7954
1576,240.28159999999997,5.0608,0.9353,0.9883,1.7965
1577,240.43399999999997,5.0629,0.9358,0.9834,1.7899
1578,240.58639999999997,5.3399,0.9352,0.9805,1.7886
1579,240.73879999999997,4.5621,0.9355,0.9812,1.7891
1580,240.89119999999997,4.9565,0.9359,0.9851,1.7928
1581,241.04359999999997,4.1081,0.9366,0.9901,1.8002
1582,241.19599999999997,4.6049,0.9397,0.9942,1.8051
1583,241.34839999999997,4.8104,0.9408,0.9974,1.8079
1584,241.50079999999997,5.0469,0.942,1.0005,1.8046
1585,241.65319999999997,4.8298,0.9506,1.0043,1.7995
1586,241.80559999999997,4.234,0.9548,1.0084,1.7956
1587,241.95799999999997,4.7538,0.9564,1.0122,1.7988
1588,242.11039999999997,5.0111,0.9577,1.0156,1.8064
1589,242.26279999999997,5.6577,0.962,1.019,1.8132
1590,242.41519999999997,6.1608,0.9648,1.0223,1.8139
1591,242.56759999999997,6.5903,0.9653,1.024,1.809
1592,242.71999999999997,6.89,0.9655,1.0227,1.8168
1593,242.87239999999997,6.2711,0.9653,1.0188,1.8258
1594,243.02479999999997,6.1669,0.965,1.0139,1.8332
1595,243.17719999999997,5.6946,0.9644,1.0096,1.8302
1596,243.32959999999997,5.7278,0.9628,1.0067,1.8314
1597,243.48199999999997,5.036,0.9571,1.0052,1.8313
1598,243.63439999999997,4.5998,0.9547,1.0045,1.8262
1599,243.78679999999997,4.0844,0.9543,1.0043,1.8259
1600,243.93919999999997,4.7224,0.9503,1.0047,1.836
1601,244.09159999999997,4.4172,0.9484,1.0051,1.8413
1602,244.24399999999997,4.6635,0.9477,1.0046,1.8429
1603,244.39639999999997,4.6318,0.9475,1.0027,1.8422
1604,244.54879999999997,5.0253,0.9457,0.9997,1.8379
1605,244.70119999999997,5.8844,0.9451,0.9964,1.8235
1606,244.85359999999997,6.1948,0.9446,0.9939,1.8107
1607,245.00599999999997,7.1445,0.9444,0.9926,1.806
1608,245.15839999999997,7.3337,0.9442,0.9924,1.8142
1609,245.31079999999997,6.3846,0.9444,0.9927,1.8264
1610,245.46319999999997,5.7096,0.9442,0.9933,1.8434
1611,245.61559999999997,4.7828,0.944,0.9939,1.851
1612,245.76799999999997,5.7731,0.9435,0.994,1.8502
1613,245.92039999999997,5.3144,0.9426,0.9935,1.8453
1614,246.07279999999997,5.0214,0.9411,0.9924,1.8367
1615,246.22519999999997,4.9375,0.9403,0.9908,1.8363
1616,246.37759999999997,5.3284,0.9396,0.9893,1.8346
1617,246.52999999999997,6.0562,0.9361,0.9882,1.8298
1618,246.68239999999997,5.196,0.9294,0.9874,1.8194
1619,246.83479999999997,5.1721,0.9278,0.986,1.813
1620,246.98719999999997,5.1273,0.9269,0.9834,1.8111
1621,247.13959999999997,5.5921,0.924,0.9797,1.8145
1622,247.29199999999997,6.2583,0.9225,0.9757,1.8151
1623,247.44439999999997,6.3715,0.9222,0.973,1.8194
1624,247.59679999999997,6.3905,0.9221,0.9726,1.8216
1625,247.74919999999997,5.768,0.9246,0.9746,1.8266
1626,247.90159999999997,4.9562,0.9268,0.9782,1.8231
1627,248.05399999999997,5.1906,0.9275,0.9823,1.8209
1628,248.20639999999997,5.8978,0.9283,0.9859,1.8214
1629,248.35879999999997,6.044,0.93,0.9877,1.8288
1630,248.51119999999997,5.5621,0.9338,0.9879,1.8314
1631,248.66359999999997,5.1191,0.9362,0.9876,1.8285
1632,248.81599999999997,5.574,0.9373,0.9884,1.8184
1633,248.96839999999997,6.9237,0.941,0.9911,1.8128
1634,249.12079999999997,6.4937,0.9426,0.9955,1.8075
1635,249.27319999999997,6.7851,0.9437,1.0006,1.8077
1636,249.42559999999997,6.3506,0.9455,1.0051,1.8084
1637,249.57799999999997,6.8506,0.9519,1.009,1.8222
1638,249.73039999999997,6.3223,0.9606,1.0127,1.8353
1639,249.88279999999997,5.9007,0.9622,1.0164,1.8444
1640,250.03519999999997,5.276,0.9682,1.0204,1.8378
1641,250.18759999999997,4.9188,0.9714,1.0243,1.8358
1642,250.33999999999997,4.7388,0.9728,1.0274,1.8504
1643,250.49239999999998,5.1914,0.9753,1.0295,1.8583
1644,250.64479999999998,5.0181,0.9788,1.0304,1.8556
1645,250.79719999999998,4.8686,0.9806,1.0308,1.8464
1646,250.94959999999998,4.7426,0.9818,1.0313,1.8452
1647,251.10199999999998,5.8421,0.9819,1.0321,1.8474
1648,251.25439999999998,6.3193,0.9821,1.0332,1.8509
1649,251.40679999999998,6.6508,0.9822,1.0345,1.8488
1650,251.55919999999998,6.6145,0.9825,1.0359,1.8441
1651,251.71159999999998,6.0213,0.9838,1.0373,1.8404
1652,251.86399999999998,5.5569,0.9839,1.039,1.8444
1653,252.01639999999998,5.8875,0.9841,1.0403,1.8561
1654,252.16879999999998,6.0951,0.9877,1.0406,1.8673
1655,252.32119999999998,6.5795,0.9885,1.0397,1.8699
1656,252.47359999999998,6.3057,0.9888,1.0386,1.8613
1657,252.62599999999998,6.8502,0.9892,1.0389,1.8543
1658,252.77839999999998,7.1779,0.9907,1.0412,1.8474
1659,252.93079999999998,7.216,0.9918,1.0445,1.8528
1660,253.08319999999998,6.9778,0.992,1.0468,1.8493
1661,253.23559999999998,6.6145,0.9923,1.0468,1.8456
1662,253.38799999999998,6.8998,0.9925,1.0446,1.8426
1663,253.54039999999998,6.7022,0.994,1.0418,1.8374
1664,253.69279999999998,6.8276,0.9951,1.0405,1.8398
1665,253.84519999999995,7.1987,0.9959,1.0417,1.8447
1666,253.99759999999995,7.2319,0.997,1.045,1.8542
1667,254.14999999999995,7.0073,0.9983,1.049,1.8455
1668,254.30239999999995,6.6798,0.9992,1.0523,1.8357
1669,254.45479999999995,7.2191,1.0011,1.0547,1.8258
1670,254.60719999999995,7.9735,1.0046,1.0567,1.8343
1671,254.75959999999995,6.9553,1.0066,1.059,1.8426
1672,254.91199999999995,6.3599,1.0071,1.0616,1.8497
1673,255.06439999999995,5.4985,1.0076,1.0644,1.8513
1674,255.21679999999995,5.6703,1.0073,1.0664,1.8569
1675,255.36919999999995,6.7021,1.0042,1.0665,1.8633
1676,255.52159999999995,6.1647,1.004,1.0638,1.8504
1677,255.67399999999995,6.4055,1.0044,1.0592,1.8237
1678,255.82639999999995,5.789,1.0106,1.0549,1.7986
1679,255.97879999999995,6.0999,1.0151,1.0536,1.7912
1680,256.1312,6.1289,1.0159,1.0572,1.7986
1681,256.2836,5.7705,1.0169,1.0658,1.8045
1682,256.436,5.8013,1.0175,1.0774,1.803
1683,256.5884,5.2714,1.0184,1.0887,1.8136
1684,256.7408,4.8129,1.0261,1.0952,1.8257
1685,256.8932,5.141,1.0254,1.0937,1.838
1686,257.0456,5.7043,1.0239,1.0848,1.8404
1687,257.198,6.1927,1.0224,1.0732,1.8222
1688,257.3504,6.1096,1.0172,1.064,1.809
1689,257.5028,5.9822,1.0142,1.0598,1.7931
1690,257.6552,5.9348,1.0127,1.0601,1.7927
1691,257.8076,5.9594,1.0051,1.0618,1.7969
1692,257.96,6.1259,1.0,1.062,1.8009
1693,258.1124,6.4037,0.9995,1.0601,1.8009
1694,258.2648,6.2182,0.9989,1.0569,1.7971
1695,258.4172,6.1882,1.005,1.0538,1.7944
1696,258.5696,5.4033,1.0084,1.0523,1.8036
1697,258.722,5.3579,1.0087,1.0539,1.8095
1698,258.8744,4.8665,1.0091,1.0597,1.8197
1699,259.0268,5.3877,1.0086,1.0685,1.8188
1700,259.1792,5.2952,1.0088,1.0767,1.8207
1701,259.3316,5.0941,1.0092,1.0801,1.8165
1702,259.484,5.0852,1.0094,1.0772,1.8174
1703,259.6364,4.9776,1.0085,1.0707,1.8133
1704,259.7888,5.1248,1.0109,1.065,1.8112
1705,259.9412,4.9727,1.0127,1.0632,1.8034
1706,260.0936,5.3843,1.0126,1.0651,1.7966
1707,260.246,5.5588,1.012,1.0688,1.8022
1708,260.3984,5.6936,1.0067,1.0721,1.8158
1709,260.5508,5.3409,1.0036,1.0733,1.8257
1710,260.7032,5.1963,1.0036,1.0713,1.8266
1711,260.8556,4.6159,1.0056,1.0661,1.8233
1712,261.008,5.2121,1.0072,1.0593,1.8263
1713,261.1604,5.3531,1.0079,1.0535,1.8276
1714,261.3128,5.8124,1.0085,1.0515,1.8272
1715,261.4652,4.9981,1.009,1.0548,1.8248
1716,261.6176,4.898,1.0113,1.062,1.8262
1717,261.77,4.9072,1.0129,1.0697,1.8234
1718,261.9224,5.2355,1.0135,1.0739,1.823
1719,262.0748,5.0824,1.0153,1.0729,1.8212
1720,262.2272,5.7221,1.0162,1.0679,1.8172
1721,262.3796,5.4337,1.0162,1.0628,1.8163
1722,262.532,5.7227,1.0173,1.0612,1.8163
1723,262.6844,5.0397,1.0173,1.064,1.8195
1724,262.8368,5.5767,1.0126,1.069,1.8167
1725,262.9892,5.9209,1.0123,1.073,1.8183
1726,263.1416,6.6152,1.0124,1.0727,1.8174
1727,263.294,6.7639,1.0132,1.0673,1.8199
1728,263.4464,6.7939,1.0135,1.06,1.8206
1729,263.5988,6.5526,1.014,1.0568,1.7976
1730,263.7512,6.6031,1.0216,1.0621,1.7896
1731,263.9036,6.5938,1.023,1.0762,1.7874
1732,264.056,6.8084,1.0234,1.0937,1.8137
1733,264.2084,6.5181,1.022,1.1059,1.8184
1734,264.3608,6.9977,1.0194,1.1062,1.8076
1735,264.5132,6.0215,1.0203,1.0962,1.803
1736,264.6656,6.1282,1.0253,1.0829,1.8059
1737,264.818,5.3732,1.0256,1.0729,1.809
1738,264.9704,5.6475,1.0252,1.0688,1.8142
1739,265.1228,6.1322,1.0238,1.0696,1.8204
1740,265.2752,6.2166,1.017,1.0718,1.8213
1741,265.4276,6.648,1.0144,1.0721,1.8276
1742,265.58,5.6251,1.0131,1.0692,1.8261
1743,265.7324,5.4102,1.0107,1.0646,1.8263
1744,265.8848,5.1142,1.0115,1.0608,1.8221
1745,266.0372,5.2179,1.0109,1.0595,1.82
1746,266.1896,5.4755,1.0103,1.0612,1.8132
1747,266.342,5.6293,1.01,1.0645,1.8095
1748,266.4944,6.2023,1.0095,1.0669,1.8091
1749,266.6468,6.3962,1.0099,1.0658,1.8075
1750,266.7992,6.0698,1.0072,1.0599,1.8047
1751,266.9516,5.4275,1.0061,1.0504,1.8031
1752,267.104,4.8602,1.0052,1.0405,1.8075
1753,267.2564,5.0813,1.0009,1.0337,1.8161
1754,267.4088,5.1132,0.9901,1.0317,1.8296
1755,267.5612,5.4209,0.9875,1.0336,1.8327
1756,267.7136,5.5095,0.9865,1.0366,1.8419
1757,267.866,6.1163,0.9849,1.0381,1.8378
1758,268.0184,5.8994,0.9798,1.0373,1.8225
1759,268.1708,5.6783,0.9813,1.036,1.8168
1760,268.3232,5.3329,0.9817,1.0373,1.8132
1761,268.4756,5.0979,0.9825,1.0428,1.8099
1762,268.628,4.9587,0.9866,1.0515,1.7989
1763,268.7804,4.8161,0.9941,1.0604,1.7971
1764,268.9328,5.43,0.9963,1.0672,1.8009
1765,269.0852,5.5104,0.9984,1.0715,1.8235
1766,269.2376,5.6078,1.0084,1.0738,1.8445
1767,269.39,5.0067,1.0196,1.0756,1.8446
1768,269.5424,4.9123,1.0238,1.0786,1.8389
1769,269.6948,5.1486,1.028,1.0845,1.835
1770,269.8472,5.4249,1.0543,1.0935,1.8312
1771,269.9996,5.6089,1.067,1.1059,1.8316
1772,270.152,5.1555,1.071,1.1228,1.8434
1773,270.3044,5.4731,1.0736,1.1457,1.87
1774,270.4568,5.9573,1.0888,1.1731,1.9057
1775,270.6092,6.4664,1.0936,1.1978,1.9204
1776,270.7616,5.8964,1.0941,1.2069,1.9025
1777,270.914,4.7559,1.0937,1.1939,1.8764
1778,271.0664,4.3581,1.0948,1.1669,1.8505
1779,271.2188,4.9361,1.0751,1.14,1.8493
1780,271.3712,5.4983,1.0635,1.1218,1.852
1781,271.5236,5.6672,1.0616,1.1134,1.8526
1782,271.676,5.538,1.0597,1.1105,1.8488
1783,271.8284,5.4242,1.052,1.1083,1.8461
1784,271.9808,5.3821,1.0459,1.1058,1.8408
1785,272.1332,5.0188,1.0528,1.1054,1.8374
1786,272.2856,4.98,1.0532,1.1082,1.8426
1787,272.438,5.0036,1.0525,1.1136,1.8478
1788,272.5904,4.517,1.0563,1.1201,1.8528
1789,272.7428,4.7391,1.0546,1.124,1.8528
1790,272.8952,4.9657,1.054,1.121,1.8549
1791,273.0476,5.6581,1.0538,1.1109,1.8538
1792,273.19999999999993,5.4016,1.0548,1.0975,1.8586
1793,273.35239999999993,4.9891,1.0537,1.0862,1.8714
1794,273.50479999999993,4.7578,1.0527,1.0814,1.8629
1795,273.65719999999993,4.9755,1.0434,1.0836,1.847
1796,273.80959999999993,4.6532,1.0276,1.0889,1.8297
1797,273.96199999999993,4.9118,1.0264,1.0931,1.8408
1798,274.11439999999993,4.8997,1.0259,1.0939,1.8265
1799,274.26679999999993,5.2193,1.0266,1.0916,1.8092
1800,274.41919999999993,4.9803,1.0312,1.0887,1.815
1801,274.57159999999993,5.0677,1.0371,1.0898,1.8202
1802,274.72399999999993,5.0343,1.0424,1.0977,1.8246
1803,274.87639999999993,5.1565,1.0461,1.1111,1.8288
1804,275.02879999999993,4.8312,1.0479,1.1256,1.8451
1805,275.18119999999993,4.6613,1.0498,1.1349,1.8658
1806,275.33359999999993,4.4135,1.0609,1.136,1.8797
1807,275.48599999999993,3.7624,1.0681,1.1314,1.8697
1808,275.63839999999993,2.6442,1.0688,1.1265,1.8665
1809,275.79079999999993,1.5131,1.0691,1.1246,1.8634
1810,275.94319999999993,1.0667,1.0688,1.1261,1.8487
1811,276.09559999999993,1.0667,1.0627,1.1291,1.838
