,depth,gr,d_res,s_res,den,vp
42,106.9848,29.0938,1.1846,1.2715,1.7266,1.9988
43,107.1372,31.1768,1.1666,1.6597,1.7266,1.9988
44,107.28960000000001,31.7031,1.2583,1.4004,1.7305,1.9988
45,107.44200000000001,30.375,1.3018,1.3115,1.7178,1.9988
46,107.59440000000001,30.2256,1.2705,1.2998,1.708,1.9988
47,107.74680000000001,29.1563,1.2684,1.3103,1.6904,1.9988
48,107.89920000000001,29.4814,1.3147,1.3197,1.6768,1.9988
49,108.05160000000001,28.8594,1.3058,1.342,1.6787,1.9988
50,108.20400000000001,29.6748,1.3174,1.3467,1.6855,1.9988
51,108.35640000000001,30.7031,1.3129,1.3377,1.7002,1.9988
52,108.50880000000001,30.8531,1.3105,1.3332,1.7275,1.9988
53,108.66120000000001,30.5811,1.316,1.3361,1.7568,1.9938
54,108.81360000000001,31.5625,1.3145,1.3389,1.7656,1.9899
55,108.96600000000001,31.2012,1.3252,1.3525,1.7656,1.9846
56,109.11840000000001,31.0391,1.324,1.3531,1.7529,1.9918
57,109.27080000000001,31.1758,1.3259,1.3535,1.7441,1.9867
58,109.42320000000001,30.5234,1.3326,1.3535,1.7383,1.9929
59,109.57560000000001,29.8711,1.3315,1.3516,1.7393,1.9997
60,109.72800000000001,30.0078,1.3285,1.35,1.75,2.0446
61,109.88040000000001,29.998,1.3254,1.3518,1.75,2.0397
62,110.03280000000001,29.8906,1.3304,1.3514,1.7441,2.0923
63,110.18520000000001,30.4375,1.3408,1.3496,1.751,2.1252
64,110.33760000000001,31.25,1.3496,1.3535,1.7559,2.1012
65,110.49000000000001,31.375,1.3467,1.3662,1.7773,2.1052
66,110.64240000000001,32.25,1.3516,1.3662,1.7871,2.0919
67,110.79480000000001,31.9688,1.3506,1.3887,1.8145,2.0626
68,110.94720000000001,31.8125,1.3516,1.3838,1.835,2.0271
69,111.09960000000001,31.8281,1.3525,1.374,1.8535,1.9944
70,111.25200000000001,31.0625,1.3535,1.3799,1.8457,1.9516
71,111.40440000000001,30.75,1.3447,1.374,1.8467,2.0292
72,111.55680000000001,28.5156,1.3291,1.3682,1.8359,2.0467
73,111.70920000000001,29.2344,1.3311,1.3682,1.8535,1.9998
74,111.86160000000001,30.3281,1.3486,1.3652,1.8555,2.0433
75,112.01400000000001,30.7344,1.3496,1.3662,1.8672,2.0505
76,112.16640000000001,30.8594,1.3311,1.3486,1.8672,2.0576
77,112.31880000000001,31.5469,1.3232,1.3311,1.875,2.0546
78,112.47120000000001,32.5,1.3252,1.333,1.8916,2.0507
79,112.62360000000001,31.7617,1.3301,1.3691,1.8994,2.0499
80,112.77600000000001,30.9766,1.3254,1.3697,1.8906,2.0181
81,112.92840000000001,30.1016,1.3215,1.3622,1.877,2.024
82,113.08080000000001,29.9941,1.3191,1.338,1.874,2.0166
83,113.23320000000001,30.2656,1.3133,1.3336,1.8838,2.028
84,113.38560000000001,31.2969,1.3057,1.3389,1.8955,2.0237
85,113.53800000000001,32.4453,1.3079,1.3521,1.9014,2.0249
86,113.69040000000001,33.2422,1.3091,1.3643,1.8945,2.0392
87,113.84280000000001,33.2188,1.3091,1.3672,1.9082,2.0572
88,113.99520000000001,32.418,1.3076,1.3525,1.915,2.0699
89,114.14760000000001,31.4961,1.3117,1.3478,1.9141,2.1221
90,114.30000000000001,30.5195,1.3131,1.3495,1.9121,2.1932
91,114.45240000000001,29.8477,1.3133,1.3563,1.9238,2.1845
92,114.60480000000001,29.8125,1.3208,1.3637,1.9268,2.1321
93,114.75720000000001,29.9785,1.3359,1.382,1.9189,2.1101
94,114.90960000000001,29.7402,1.3507,1.404,1.8965,2.109
95,115.06200000000001,29.9063,1.3514,1.4202,1.8945,2.0892
96,115.21440000000001,29.8887,1.3574,1.4244,1.8916,2.0775
97,115.36680000000001,29.2715,1.36,1.4253,1.9004,2.0722
98,115.51920000000001,28.6934,1.3533,1.4266,1.9092,2.0584
99,115.67160000000001,28.1484,1.3652,1.4274,1.918,2.0404
100,115.82400000000001,27.6406,1.3679,1.4256,1.9287,2.0442
101,115.97640000000001,28.7109,1.3564,1.4209,1.9297,2.0353
102,116.12880000000001,29.9414,1.363,1.3937,1.9307,2.0415
103,116.28120000000001,29.8926,1.3359,1.3708,1.917,2.0469
104,116.43360000000001,29.5391,1.3313,1.3636,1.9199,2.0632
105,116.58600000000001,29.5,1.3057,1.3599,1.9268,2.0769
106,116.73840000000001,29.3672,1.2988,1.345,1.9453,2.0834
107,116.89080000000001,28.7207,1.3025,1.353,1.9561,2.0684
108,117.04320000000001,29.0313,1.3149,1.373,1.9609,2.06
109,117.19560000000001,28.7832,1.3232,1.3799,1.9629,2.0654
110,117.34800000000001,28.1875,1.3241,1.3824,1.9521,2.0625
111,117.50040000000001,28.709,1.3374,1.3706,1.9395,2.0726
112,117.65280000000001,29.1797,1.3447,1.3749,1.9258,2.0748
113,117.80520000000001,29.2129,1.3374,1.3784,1.9268,2.0601
114,117.95760000000001,29.1406,1.325,1.3743,1.9287,2.0007
115,118.11000000000001,29.6113,1.3069,1.3621,1.9297,1.9752
116,118.26240000000001,30.5625,1.2863,1.3319,1.9355,1.994
117,118.41480000000001,29.3691,1.2978,1.3018,1.9375,1.9879
118,118.56720000000001,28.6907,1.2387,1.2768,1.9424,1.9983
119,118.71960000000001,29.0039,1.2262,1.2641,1.9453,2.0037
120,118.87200000000001,29.4375,1.216,1.2602,1.9512,2.0117
121,119.02440000000001,29.4219,1.215,1.2611,1.9521,2.0137
122,119.17680000000001,28.7617,1.2178,1.2793,1.9492,2.0385
123,119.32920000000001,29.0811,1.2371,1.2897,1.9443,2.0348
124,119.48160000000001,29.3945,1.2471,1.3035,1.9404,2.0257
125,119.63400000000001,29.4336,1.2596,1.316,1.9336,2.0306
126,119.78640000000001,29.8281,1.2854,1.3543,1.9434,2.0392
127,119.93880000000001,30.0195,1.3076,1.3691,1.9463,2.0469
128,120.09120000000001,29.7813,1.3101,1.3723,1.9434,2.0458
129,120.24360000000001,28.5859,1.3203,1.3672,1.9307,2.0425
130,120.39600000000002,28.7188,1.3276,1.3809,1.9229,2.0529
131,120.54840000000002,28.3828,1.361,1.3965,1.9219,2.0502
132,120.70080000000002,27.9063,1.3825,1.4163,1.9238,2.1174
133,120.85320000000002,29.4336,1.4473,1.4746,1.9189,2.1112
134,121.00560000000002,30.332,1.4573,1.4754,1.9219,2.1225
135,121.15800000000002,30.457,1.4667,1.4919,1.9229,2.1895
136,121.31040000000002,30.1543,1.4742,1.5161,1.9424,2.1255
137,121.46280000000002,30.6094,1.4794,1.537,1.958,2.0848
138,121.61520000000002,30.7441,1.4841,1.5362,1.9707,2.0588
139,121.76760000000002,30.8386,1.4743,1.5369,1.9717,2.0909
140,121.92000000000002,30.2734,1.464,1.5366,1.9697,2.1374
141,122.07240000000002,28.8975,1.4633,1.5182,1.9756,2.1446
142,122.22480000000002,28.6016,1.4719,1.4791,1.9863,2.1429
143,122.37720000000002,29.1934,1.4519,1.476,1.9932,2.1073
144,122.52960000000002,29.6104,1.4265,1.4569,1.9961,2.0989
145,122.68200000000002,29.8447,1.4118,1.4487,1.9893,2.1187
146,122.83440000000002,30.0469,1.4047,1.4461,1.9795,2.1027
147,122.98680000000002,29.082,1.3978,1.4377,1.9648,2.083
148,123.13920000000002,29.5215,1.4024,1.4408,1.9531,2.0833
149,123.29160000000002,30.668,1.3941,1.447,1.9512,2.0699
150,123.44400000000002,31.668,1.3858,1.4477,1.959,2.1045
151,123.59640000000002,31.4219,1.381,1.4456,1.9717,2.1177
152,123.74880000000002,30.6973,1.3779,1.4502,1.9775,2.1081
153,123.90120000000002,30.5781,1.381,1.4426,1.9746,2.1028
154,124.05360000000002,30.5713,1.3856,1.4319,1.9668,2.0552
155,124.20600000000002,30.3184,1.3871,1.4236,1.9697,2.0575
156,124.35840000000002,29.7031,1.3833,1.4209,1.9727,2.0214
157,124.51080000000002,28.9375,1.3796,1.4209,1.9834,2.0117
158,124.66320000000002,28.8242,1.3733,1.4197,1.9639,1.993
159,124.81560000000002,29.4102,1.3641,1.4106,1.9561,1.9829
160,124.96800000000002,30.293,1.3556,1.3977,1.9482,1.9894
161,125.12040000000002,29.4141,1.3564,1.3947,1.959,1.989
162,125.27280000000002,29.0703,1.3422,1.3924,1.9619,1.9964
163,125.42520000000002,28.7305,1.3149,1.3711,1.9668,2.0128
164,125.57760000000002,27.8359,1.2946,1.338,1.9521,2.0049
165,125.73000000000002,28.248,1.2983,1.3044,1.9473,2.018
166,125.88240000000002,28.2051,1.2892,1.2991,1.9482,2.0424
167,126.03480000000002,28.4395,1.2559,1.295,1.9561,2.061
168,126.18720000000002,29.082,1.2294,1.2898,1.9541,2.0671
169,126.33960000000002,29.4551,1.2195,1.2839,1.9229,2.0569
170,126.49200000000002,29.1387,1.2127,1.2824,1.9053,2.0582
171,126.64440000000002,28.4922,1.2053,1.2776,1.916,2.0634
172,126.79680000000002,27.8652,1.2061,1.2692,1.9229,2.0616
173,126.94920000000002,27.6719,1.2078,1.2626,1.9209,2.0608
174,127.10160000000002,29.2617,1.1973,1.2656,1.8975,2.056
175,127.25400000000002,30.6162,1.1869,1.2581,1.9014,2.053
176,127.40640000000002,30.4297,1.1805,1.2327,1.9023,2.0537
177,127.55880000000002,29.5352,1.1712,1.2186,1.9121,2.0549
178,127.71120000000002,29.3325,1.1678,1.2119,1.9268,2.0425
179,127.86360000000002,30.1543,1.1663,1.2133,1.9395,2.0339
180,128.01600000000002,31.0781,1.1694,1.2222,1.9385,2.0461
181,128.16840000000002,31.1025,1.1699,1.2451,1.9297,2.0564
182,128.32080000000002,31.0313,1.1727,1.2514,1.9238,2.065
183,128.47320000000002,31.0898,1.1847,1.272,1.9268,2.0597
184,128.62560000000002,30.167,1.1904,1.2751,1.9277,2.0582
185,128.77800000000002,29.1992,1.2162,1.2807,1.9297,2.0577
186,128.93040000000002,29.1807,1.2401,1.2923,1.9316,2.0808
187,129.08280000000002,29.9219,1.2348,1.3202,1.9326,2.09
188,129.23520000000002,30.4023,1.2627,1.3232,1.9443,2.0769
189,129.38760000000002,29.4922,1.2589,1.3368,1.9482,2.0775
190,129.54000000000002,28.166,1.2642,1.3231,1.9609,2.0633
191,129.69240000000002,29.1953,1.2616,1.3191,1.9609,2.0457
192,129.84480000000002,30.4619,1.2761,1.3174,1.9463,2.0462
193,129.99720000000002,30.6004,1.2889,1.3167,1.9248,2.0324
194,130.14960000000002,29.1407,1.2892,1.334,1.8965,2.0157
195,130.30200000000002,29.8506,1.292,1.3535,1.8896,2.0104
196,130.45440000000002,29.8994,1.2895,1.3631,1.8887,2.0087
197,130.60680000000002,28.9648,1.2948,1.3617,1.8965,2.035
198,130.75920000000002,28.0893,1.2997,1.3499,1.8916,2.0377
199,130.91160000000002,27.7539,1.2963,1.3304,1.8818,2.0205
200,131.06400000000002,28.3047,1.2966,1.3283,1.8691,2.0149
201,131.21640000000002,27.9688,1.296,1.3308,1.8662,2.0095
202,131.36880000000002,28.0899,1.2969,1.3291,1.8682,2.0241
203,131.52120000000002,28.9731,1.3034,1.3376,1.8838,2.03
204,131.67360000000002,28.7793,1.3057,1.3697,1.9092,2.038
205,131.82600000000002,28.5019,1.315,1.3821,1.9316,2.0331
206,131.97840000000002,28.4443,1.3251,1.3849,1.9424,2.0108
207,132.13080000000002,29.8594,1.3253,1.3878,1.9375,2.0095
208,132.28320000000002,29.4688,1.3214,1.3669,1.9365,2.0102
209,132.43560000000002,29.8125,1.3174,1.3594,1.9473,2.0183
210,132.58800000000002,29.0977,1.3086,1.3601,1.959,2.0202
211,132.74040000000002,29.4353,1.3047,1.357,1.9707,2.0183
212,132.89280000000002,30.3555,1.3108,1.3514,1.9668,2.0362
213,133.04520000000002,31.6348,1.3315,1.3805,1.9639,2.0525
214,133.19760000000002,32.2499,1.3611,1.4189,1.959,2.0404
215,133.35000000000002,30.6876,1.3814,1.4432,1.9561,2.0343
216,133.50240000000002,31.6719,1.3828,1.4473,1.9551,2.0476
217,133.65480000000002,32.6563,1.3824,1.4507,1.9541,2.0515
218,133.80720000000002,33.6407,1.3819,1.4542,1.9561,2.0635
219,133.95960000000002,34.6095,1.3867,1.4521,1.9639,2.0695
220,134.11200000000002,35.9689,1.3932,1.4482,1.9736,2.0757
221,134.26440000000002,37.7188,1.3954,1.4452,1.9795,2.0536
222,134.41680000000002,38.9824,1.3932,1.443,1.9824,2.0199
223,134.56920000000002,38.7881,1.39,1.436,1.9814,2.0134
224,134.72160000000002,38.5937,1.3835,1.4149,1.9736,2.0067
225,134.87400000000002,38.531,1.377,1.3936,1.9551,2.0
226,135.02640000000002,33.9372,1.3799,1.3652,1.9277,2.002
227,135.17880000000002,29.7967,1.373,1.3496,1.9023,2.0167
228,135.33120000000002,26.2344,1.2969,1.3428,1.8857,2.0214
229,135.48360000000002,26.3789,1.2676,1.3457,1.8779,2.0353
230,135.63600000000002,26.9727,1.2659,1.3218,1.8877,2.0525
231,135.78840000000002,27.5137,1.261,1.308,1.9004,2.069
232,135.94080000000002,27.7139,1.2583,1.3032,1.9131,2.0926
233,136.09320000000002,27.4863,1.2614,1.3027,1.916,2.1024
234,136.24560000000002,26.9101,1.268,1.3027,1.9209,2.0904
235,136.39800000000002,25.9923,1.2692,1.3047,1.9336,2.0934
236,136.55040000000002,27.1055,1.2643,1.3359,1.9395,2.0905
237,136.70280000000002,28.3048,1.2651,1.3564,1.9365,2.092
238,136.85520000000002,29.3399,1.2719,1.364,1.915,2.0958
239,137.00760000000002,29.6757,1.2858,1.3656,1.8945,2.0963
240,137.16000000000003,28.6288,1.3009,1.366,1.8838,2.0729
241,137.31240000000003,27.5507,1.3064,1.3637,1.8779,2.0526
242,137.46480000000003,26.918,1.3048,1.3513,1.8838,2.0302
243,137.61720000000003,27.2676,1.3024,1.3452,1.8799,2.0262
244,137.76960000000003,28.1406,1.3061,1.345,1.8838,2.0237
245,137.92200000000003,28.3554,1.2984,1.3476,1.8818,2.0429
246,138.07440000000003,27.3418,1.2856,1.3474,1.8867,2.0475
247,138.22680000000003,26.8281,1.2828,1.3403,1.8896,2.0535
248,138.37920000000003,26.3946,1.2861,1.3271,1.8838,2.0411
249,138.53160000000003,27.6055,1.282,1.3304,1.8857,2.0395
250,138.68400000000003,28.3262,1.2833,1.3304,1.8887,2.0666
251,138.83640000000003,28.4028,1.2878,1.3301,1.8984,2.0623
252,138.98880000000003,28.4825,1.2935,1.3304,1.8877,2.085
253,139.14120000000003,28.9726,1.297,1.335,1.876,2.1043
254,139.29360000000003,28.5254,1.294,1.3495,1.8682,2.1039
255,139.44600000000003,28.1464,1.2948,1.347,1.8662,2.1028
256,139.59840000000003,27.543,1.2892,1.3488,1.875,2.1152
257,139.75080000000003,27.2471,1.2928,1.3479,1.8897,2.1116
258,139.90320000000003,27.419,1.2973,1.3463,1.916,2.0957
259,140.05560000000003,27.582,1.2989,1.3478,1.9219,2.1131
260,140.20800000000003,26.8575,1.3018,1.3564,1.9248,2.0878
261,140.36040000000003,27.3926,1.3018,1.3794,1.9365,2.0761
262,140.51280000000003,27.7046,1.3079,1.3793,1.9404,2.077
263,140.66520000000003,27.1054,1.3151,1.3801,1.9414,2.0637
264,140.81760000000003,26.0273,1.3193,1.3836,1.9395,2.0754
265,140.97000000000003,25.2578,1.3203,1.3904,1.9453,2.0759
266,141.12240000000003,24.797,1.3203,1.3989,1.9463,2.0873
267,141.27480000000003,27.1876,1.3203,1.4014,1.9424,2.0932
268,141.42720000000003,28.3027,1.3624,1.4056,1.9541,2.1313
269,141.57960000000003,27.7851,1.3721,1.4112,1.9668,2.1249
270,141.73200000000003,27.3857,1.3754,1.4265,1.9766,2.1382
271,141.88440000000003,27.2274,1.3824,1.4313,1.9687,2.1472
272,142.03680000000003,26.9101,1.3859,1.4298,1.9609,2.1351
273,142.18920000000003,26.3975,1.3903,1.4302,1.957,2.1285
274,142.34160000000003,26.9414,1.3899,1.44,1.9521,2.128
275,142.49400000000003,27.0635,1.3929,1.4419,1.9463,2.1056
276,142.64640000000003,26.5176,1.3954,1.4432,1.9395,2.1068
277,142.79880000000003,26.252,1.3928,1.4377,1.9395,2.099
278,142.95120000000003,26.8506,1.3983,1.4434,1.9473,2.1039
279,143.10360000000003,26.7188,1.3923,1.4434,1.9512,2.1194
280,143.25600000000003,26.7734,1.3942,1.4403,1.9463,2.1255
281,143.40840000000003,26.6533,1.3936,1.4354,1.9375,2.1317
282,143.56080000000003,26.2246,1.3936,1.436,1.9238,2.1679
283,143.71320000000003,26.3047,1.3948,1.4368,1.918,2.1643
284,143.86560000000003,26.0986,1.3933,1.4375,1.917,2.1701
285,144.01800000000003,26.1675,1.385,1.44,1.9297,2.1716
286,144.17040000000003,26.041,1.3932,1.4357,1.9424,2.1782
287,144.32280000000003,26.2393,1.3982,1.4291,1.9385,2.1821
288,144.47520000000003,26.5151,1.4077,1.4349,1.9316,2.1734
289,144.62760000000003,26.4322,1.4093,1.4357,1.9258,2.2152
290,144.78000000000003,26.877,1.4332,1.4395,1.9346,2.2208
291,144.93240000000003,27.0889,1.4612,1.4898,1.958,2.2422
292,145.08480000000003,26.8884,1.4775,1.5458,1.9805,2.2457
293,145.23720000000003,26.4873,1.4972,1.5608,2.0039,2.2374
294,145.38960000000003,26.0684,1.5146,1.5697,2.0176,2.2295
295,145.54200000000003,26.4219,1.5045,1.5652,2.0215,2.2208
296,145.69440000000003,26.4453,1.5313,1.5723,2.0234,2.2294
297,145.84680000000003,26.7655,1.5543,1.5955,2.0117,2.2421
298,145.99920000000003,25.3574,1.5518,1.6027,2.0039,2.2445
299,146.15160000000003,25.0372,1.5545,1.6038,1.9834,2.2459
300,146.30400000000003,25.7774,1.5554,1.6057,1.9736,2.2259
301,146.45640000000003,25.9736,1.5595,1.6054,1.9697,2.2206
302,146.60880000000003,24.668,1.5628,1.6017,1.9775,2.2212
303,146.76120000000003,24.8105,1.5619,1.6027,1.9873,2.2333
304,146.91360000000003,24.5732,1.5565,1.6003,1.9951,2.2378
305,147.06600000000003,24.3428,1.5584,1.6023,1.9971,2.2393
306,147.21840000000003,24.6807,1.553,1.5969,1.9941,2.2207
307,147.37080000000003,24.4688,1.5603,1.6031,1.9854,2.2079
308,147.52320000000003,24.7944,1.5581,1.6072,1.9834,2.2288
309,147.67560000000003,24.833,1.5566,1.607,1.9756,2.2583
310,147.82800000000003,24.9277,1.5645,1.6047,1.9785,2.2585
311,147.98040000000003,24.6289,1.5726,1.6069,1.9834,2.2531
312,148.13280000000003,24.3145,1.5745,1.6096,1.9893,2.2341
313,148.28520000000003,25.0566,1.5651,1.6321,1.9951,2.2205
314,148.43760000000003,24.1329,1.5708,1.6328,1.9951,2.2156
315,148.59000000000003,24.9023,1.5854,1.6328,2.0,2.2305
316,148.74240000000003,24.6943,1.582,1.6344,2.0059,2.2293
317,148.89480000000003,24.6289,1.5824,1.6291,2.0059,2.2135
318,149.04720000000003,23.8403,1.5875,1.632,2.0,2.1876
319,149.19960000000003,24.1114,1.5714,1.6325,1.9824,2.1905
320,149.35200000000003,24.498,1.5423,1.6283,1.9814,2.1958
321,149.50440000000003,24.2734,1.5361,1.5923,1.9805,2.1829
322,149.65680000000003,23.5898,1.5246,1.5635,1.9834,2.1689
323,149.80920000000003,23.2569,1.5046,1.5596,1.9805,2.1754
324,149.96160000000003,23.6094,1.5045,1.5455,1.9795,2.1562
325,150.11400000000003,24.5176,1.501,1.542,1.9873,2.1564
326,150.26640000000003,25.0606,1.4925,1.5496,1.9854,2.1917
327,150.41880000000003,25.2212,1.4867,1.5452,1.9883,2.1874
328,150.57120000000003,24.7969,1.489,1.5493,1.9883,2.1802
329,150.72360000000003,25.0645,1.4841,1.5395,1.9922,2.1842
330,150.87600000000003,25.0996,1.4834,1.5331,1.9902,2.1796
331,151.02840000000003,24.6904,1.4842,1.533,1.9854,2.172
332,151.18080000000003,24.4375,1.4882,1.5302,1.9922,2.1924
333,151.33320000000003,24.0537,1.4863,1.5286,1.9971,2.1621
334,151.48560000000003,23.9541,1.491,1.5255,1.9971,2.1422
335,151.63800000000003,24.1226,1.4898,1.5251,1.9912,2.1486
336,151.79040000000003,24.6914,1.4883,1.5363,1.9854,2.1492
337,151.94280000000003,24.9194,1.4877,1.5438,1.9873,2.1742
338,152.09520000000003,24.9453,1.4984,1.5397,1.9863,2.1689
339,152.24760000000003,24.5429,1.5031,1.5427,1.9844,2.164
340,152.40000000000003,24.0312,1.5056,1.553,1.9873,2.168
341,152.55240000000003,23.2695,1.5098,1.561,1.9834,2.1863
342,152.70480000000003,22.709,1.5056,1.5631,1.9873,2.2074
343,152.85720000000003,23.2735,1.5005,1.5611,1.9766,2.2059
344,153.00960000000003,24.0351,1.502,1.5598,1.9727,2.2331
345,153.16200000000003,23.9101,1.5056,1.5553,1.9805,2.2136
346,153.31440000000003,22.5976,1.5082,1.5491,1.9873,2.2097
347,153.46680000000003,22.2041,1.5117,1.5488,1.9854,2.225
348,153.61920000000003,22.3945,1.5148,1.5524,1.9756,2.2138
349,153.77160000000003,22.418,1.5164,1.5642,1.9717,2.2145
350,153.92400000000004,22.6514,1.515,1.5869,1.9746,2.2266
351,154.07640000000004,22.961,1.5264,1.5876,1.9717,2.2383
352,154.22880000000004,23.8827,1.54,1.5914,1.9766,2.2468
353,154.38120000000004,22.7851,1.5446,1.5955,1.9932,2.2367
354,154.53360000000004,21.082,1.5417,1.6002,2.0117,2.2235
355,154.68600000000004,19.9917,1.5389,1.5963,2.0215,2.2148
356,154.83840000000004,20.2189,1.5368,1.5908,2.0176,2.2202
357,154.99080000000004,22.9571,1.5283,1.5908,2.0176,2.2275
358,155.14320000000004,23.7998,1.5252,1.5819,2.0117,2.2135
359,155.29560000000004,24.3164,1.5182,1.5693,2.0137,2.2207
360,155.44800000000004,24.0937,1.5171,1.5659,2.0059,2.2266
361,155.60040000000004,23.1387,1.5059,1.5654,2.0039,2.2145
362,155.75280000000004,23.8984,1.4976,1.5532,1.9951,2.2169
363,155.90520000000004,24.0576,1.4937,1.5469,1.9873,2.2277
364,156.05760000000004,23.3125,1.4959,1.545,1.9844,2.236
365,156.21000000000004,22.9375,1.4915,1.5466,1.9932,2.2269
366,156.36240000000004,22.1563,1.4976,1.5544,2.0117,2.2037
367,156.51480000000004,20.9512,1.4977,1.5574,2.0137,2.2117
368,156.66720000000004,22.5469,1.5098,1.5598,2.0,2.211
369,156.81960000000004,23.6484,1.5205,1.5684,1.9941,2.2155
370,156.97200000000004,22.3691,1.5163,1.5726,1.9971,2.2174
371,157.12440000000004,22.4014,1.5218,1.5702,1.9932,2.2204
372,157.27680000000004,22.6582,1.5271,1.5723,1.9844,2.2217
373,157.42920000000004,22.0781,1.5226,1.5756,1.9824,2.2264
374,157.58160000000004,21.5303,1.5231,1.5739,1.9873,2.2543
375,157.73400000000004,22.3594,1.5231,1.577,1.9912,2.2684
376,157.88640000000004,22.249,1.5257,1.5797,1.9893,2.259
377,158.03880000000004,21.6309,1.5314,1.582,1.9922,2.2422
378,158.19120000000004,21.4946,1.5225,1.5771,1.9912,2.2298
379,158.34360000000004,22.3213,1.529,1.5841,1.9912,2.2285
380,158.49600000000004,21.3613,1.5271,1.5827,1.9844,2.2342
381,158.64840000000004,21.2344,1.5307,1.595,1.9873,2.2378
382,158.80080000000004,21.7861,1.531,1.5956,1.9873,2.2499
383,158.95320000000004,20.8848,1.5449,1.6033,1.9941,2.2644
384,159.10560000000004,22.4063,1.5449,1.602,2.0,2.282
385,159.25800000000004,23.0468,1.5428,1.6006,2.0117,2.2669
386,159.41040000000004,22.7255,1.5508,1.6006,2.0176,2.2725
387,159.56280000000004,22.1523,1.5459,1.5999,2.0176,2.2742
388,159.71520000000004,21.5449,1.5464,1.5984,2.0098,2.2633
389,159.86760000000004,21.6226,1.5492,1.597,2.0078,2.2722
390,160.02000000000004,21.3027,1.5457,1.5991,2.0039,2.2802
391,160.17240000000004,21.0039,1.5455,1.5996,2.0059,2.279
392,160.32480000000004,20.9707,1.5471,1.5989,1.9971,2.2847
393,160.47720000000004,21.0313,1.5506,1.5968,1.9922,2.2932
394,160.62960000000004,21.2266,1.5462,1.5967,1.9844,2.2923
395,160.78200000000004,21.5381,1.5425,1.5916,1.9844,2.2875
396,160.93440000000004,21.8584,1.5395,1.5831,1.9844,2.2871
397,161.08680000000004,21.7344,1.5346,1.5838,1.9902,2.2935
398,161.23920000000004,21.6075,1.5356,1.5854,1.9883,2.2917
399,161.39160000000004,21.916,1.5371,1.5855,1.9873,2.2873
400,161.54400000000004,21.6016,1.5336,1.5807,1.9814,2.2775
401,161.69640000000004,21.5997,1.532,1.5819,1.9844,2.276
402,161.84880000000004,21.9824,1.5322,1.584,1.9736,2.2825
403,162.00120000000004,21.4062,1.534,1.5858,1.9639,2.2815
404,162.15360000000004,20.9736,1.5313,1.583,1.9561,2.2712
405,162.30600000000004,20.6015,1.5366,1.5825,1.9502,2.2666
406,162.45840000000004,20.1699,1.5436,1.5864,1.958,2.2711
407,162.61080000000004,19.5918,1.5422,1.601,1.9707,2.2735
408,162.76320000000004,19.2708,1.542,1.6029,1.9932,2.2734
409,162.91560000000004,19.3594,1.5474,1.6037,1.9941,2.266
410,163.06800000000004,19.3594,1.5605,1.6064,1.9922,2.2571
411,163.22040000000004,19.6993,1.5588,1.6073,1.9854,2.262
412,163.37280000000004,20.0987,1.5594,1.6105,1.9834,2.2795
413,163.52520000000004,20.337,1.5596,1.61,1.9814,2.2703
414,163.67760000000004,20.8165,1.5563,1.6094,1.9883,2.2651
415,163.83000000000004,21.396,1.555,1.6068,1.998,2.2529
416,163.98240000000004,21.7364,1.5563,1.6022,2.0,2.2553
417,164.13480000000004,22.5274,1.5548,1.5996,1.9941,2.2606
418,164.28720000000004,23.1249,1.5522,1.5981,1.9941,2.2433
419,164.43960000000004,22.4316,1.5557,1.5859,1.9961,2.2239
420,164.59200000000004,22.1004,1.5287,1.5859,1.999,2.2417
421,164.74440000000004,20.4531,1.5125,1.5837,1.9951,2.2551
422,164.89680000000004,20.2285,1.5094,1.5609,2.0059,2.2685
423,165.04920000000004,20.3398,1.5087,1.5428,2.0137,2.2392
424,165.20160000000004,20.2618,1.4895,1.5319,2.0234,2.241
425,165.35400000000004,21.1075,1.4504,1.5234,2.0176,2.314
426,165.50640000000004,21.7091,1.418,1.5182,2.0195,2.2777
427,165.65880000000004,22.6252,1.4182,1.5081,2.0293,2.2986
428,165.81120000000004,24.0273,1.4199,1.4629,2.0137,2.2645
429,165.96360000000004,23.9238,1.4026,1.4542,1.9863,2.2248
430,166.11600000000004,23.9375,1.3821,1.4508,1.957,2.2229
431,166.26840000000004,23.9497,1.3744,1.4508,1.9551,2.2032
432,166.42080000000004,24.1172,1.3692,1.436,1.958,2.1889
433,166.57320000000004,24.5899,1.3666,1.4225,1.9678,2.1676
434,166.72560000000004,24.956,1.3665,1.4202,1.9717,2.1254
435,166.87800000000004,24.6147,1.3652,1.4198,1.9727,2.1206
436,167.03040000000004,24.4063,1.3655,1.4229,1.9736,2.1249
437,167.18280000000004,24.4756,1.3672,1.4229,1.9707,2.1484
438,167.33520000000004,24.4965,1.3629,1.4315,1.9717,2.097
439,167.48760000000004,24.5518,1.36,1.4258,1.9658,2.1021
440,167.64000000000004,23.2577,1.3542,1.4219,1.9639,2.109
441,167.79240000000004,21.9736,1.3499,1.4133,1.9648,2.0917
442,167.94480000000004,21.332,1.3499,1.4029,1.9658,2.1278
443,168.09720000000004,20.7539,1.3503,1.3962,1.9668,2.1229
444,168.24960000000004,21.0115,1.3429,1.3942,1.96,2.179
445,168.40200000000004,19.4687,1.3227,1.393,1.9463,2.1757
446,168.55440000000004,19.441,1.2949,1.3652,1.9502,2.1664
447,168.70680000000004,19.5106,1.288,1.3366,1.9463,2.1683
448,168.85920000000004,20.4688,1.2871,1.3284,1.9561,2.2047
449,169.01160000000004,20.7558,1.2871,1.3245,1.9453,2.1865
450,169.16400000000004,20.4072,1.2758,1.3238,1.9424,2.1837
451,169.31640000000004,19.8163,1.257,1.3229,1.9375,2.1712
452,169.46880000000004,19.0566,1.2438,1.3151,1.9365,2.1444
453,169.62120000000004,18.7324,1.2397,1.2977,1.9355,2.1388
454,169.77360000000004,18.4688,1.2352,1.2797,1.9424,2.1364
455,169.92600000000004,18.8517,1.2422,1.2754,1.9463,2.1326
456,170.07840000000004,19.75,1.2285,1.2754,1.9502,2.1253
457,170.23080000000004,19.8437,1.2236,1.2676,1.9473,2.1346
458,170.38320000000004,19.7032,1.231,1.2925,1.9473,2.1141
459,170.53560000000004,20.1329,1.2354,1.2988,1.9473,2.1063
460,170.68800000000005,20.5938,1.2383,1.2974,1.9434,2.0913
461,170.84040000000005,21.2188,1.2383,1.3008,1.9434,2.0731
462,170.99280000000005,21.9062,1.249,1.2979,1.9414,2.095
463,171.14520000000005,21.8281,1.25,1.2959,1.9404,2.1162
464,171.29760000000005,21.5,1.2446,1.2876,1.9365,2.1174
465,171.45000000000005,21.453,1.2412,1.2871,1.9326,2.1199
466,171.60240000000005,20.7344,1.228,1.2827,1.9258,2.1154
467,171.75480000000005,21.0312,1.2178,1.2646,1.915,2.1116
468,171.90720000000005,20.2811,1.2187,1.2627,1.9121,2.1075
469,172.05960000000005,18.8594,1.207,1.2627,1.9219,2.1039
470,172.21200000000005,18.9375,1.2031,1.2568,1.9385,2.0997
471,172.36440000000005,18.706,1.208,1.2598,1.9531,2.1026
472,172.51680000000005,18.5899,1.2044,1.2592,1.9482,2.1073
473,172.66920000000005,19.3829,1.202,1.2588,1.9443,2.1
474,172.82160000000005,20.1602,1.2092,1.2594,1.9375,2.0882
475,172.97400000000005,20.879,1.2154,1.2608,1.9346,2.0796
476,173.12640000000005,21.7423,1.218,1.2654,1.9326,2.0727
477,173.27880000000005,22.8985,1.2218,1.2717,1.9248,2.0678
478,173.43120000000005,23.3847,1.228,1.2809,1.9258,2.0697
479,173.58360000000005,23.0195,1.2401,1.2864,1.916,2.0696
480,173.73600000000005,22.5312,1.2599,1.2869,1.9209,2.0866
481,173.88840000000005,21.9452,1.2691,1.2903,1.9229,2.1
482,174.04080000000005,21.1874,1.2702,1.296,1.9287,2.108
483,174.19320000000005,20.3437,1.2757,1.3072,1.9268,2.1149
484,174.34560000000005,19.7577,1.2834,1.3211,1.9307,2.1095
485,174.49800000000005,19.2441,1.2864,1.3214,1.9326,2.1119
486,174.65040000000005,18.8574,1.2879,1.3178,1.9395,2.1191
487,174.80280000000005,18.4844,1.289,1.334,1.9385,2.1095
488,174.95520000000005,18.8985,1.29,1.3525,1.9521,2.101
489,175.10760000000005,19.3145,1.2971,1.3559,1.9541,2.0916
490,175.26000000000005,19.6856,1.3043,1.3592,1.9561,2.0813
491,175.41240000000005,20.0333,1.3122,1.362,1.9453,2.0945
492,175.56480000000005,20.4923,1.3206,1.3645,1.9365,2.1124
493,175.71720000000005,21.1681,1.3263,1.3665,1.9287,2.0973
494,175.86960000000005,21.8436,1.3267,1.3673,1.9287,2.0805
495,176.02200000000005,20.5428,1.3271,1.3682,1.9375,2.0836
496,176.17440000000005,19.2851,1.3299,1.3646,1.9687,2.0743
497,176.32680000000005,18.8062,1.3287,1.3611,1.9512,2.0872
498,176.47920000000005,19.3184,1.3188,1.36,1.9443,2.1032
499,176.63160000000005,19.625,1.3109,1.3541,1.9326,2.1097
500,176.78400000000005,19.7407,1.3066,1.3457,1.9434,2.1197
501,176.93640000000005,19.3026,1.3014,1.3434,1.9531,2.1407
502,177.08880000000005,18.1326,1.2982,1.3449,1.9453,2.1554
503,177.24120000000005,16.3984,1.2977,1.342,1.9346,2.1523
504,177.39360000000005,16.0938,1.2973,1.3408,1.915,2.1491
505,177.54600000000005,16.2599,1.2949,1.3408,1.9111,2.1481
506,177.69840000000005,17.0156,1.3019,1.3425,1.9111,2.101
507,177.85080000000005,17.1952,1.3033,1.3373,1.918,2.0817
508,178.00320000000005,16.3575,1.3006,1.3424,1.9258,2.115
509,178.15560000000005,16.7876,1.304,1.3506,1.9404,2.1307
510,178.30800000000005,17.0431,1.3053,1.3492,1.9521,2.0983
511,178.46040000000005,17.874,1.3138,1.3506,1.9355,2.0382
512,178.61280000000005,17.9428,1.3125,1.3615,1.9346,2.006
513,178.76520000000005,18.2188,1.3125,1.3615,1.9355,2.0071
514,178.91760000000005,18.5208,1.3184,1.3599,1.9512,1.9667
515,179.07000000000005,19.2618,1.3204,1.3631,1.959,2.0223
516,179.22240000000005,20.0157,1.318,1.3616,1.9629,2.1643
517,179.37480000000005,20.5108,1.3184,1.36,1.959,2.1766
518,179.52720000000005,20.7256,1.3191,1.3639,1.9531,2.1813
519,179.67960000000005,20.4501,1.3209,1.3652,1.9492,2.2028
520,179.83200000000005,20.0575,1.3205,1.3652,1.9502,2.1854
521,179.98440000000005,19.0703,1.3333,1.3817,1.9492,2.108
522,180.13680000000005,18.8281,1.3414,1.393,1.9502,2.0949
523,180.28920000000005,18.8951,1.3477,1.3975,1.958,2.1287
524,180.44160000000005,19.6446,1.3535,1.3933,1.9688,2.1035
525,180.59400000000005,20.0,1.3559,1.3975,1.9814,2.0954
526,180.74640000000005,19.9999,1.3587,1.4055,1.9746,2.1084
527,180.89880000000005,19.4022,1.3629,1.4114,1.9697,2.1736
528,181.05120000000005,17.9355,1.3668,1.4159,1.9717,2.1078
529,181.20360000000005,17.1719,1.3708,1.4258,1.9844,2.0669
530,181.35600000000005,17.7814,1.3867,1.4434,1.9893,2.1504
531,181.50840000000005,19.0509,1.3903,1.4425,2.0137,2.1766
532,181.66080000000005,20.1835,1.3888,1.4438,2.0332,2.1356
533,181.81320000000005,19.6045,1.3992,1.447,2.043,2.1094
534,181.96560000000005,19.332,1.4207,1.4512,2.0254,2.1108
535,182.11800000000005,18.9453,1.5066,1.46,2.0156,2.2522
536,182.27040000000005,18.9775,1.5776,1.5366,2.0059,2.3555
537,182.42280000000005,18.8906,1.5916,1.6287,1.9922,2.2349
538,182.57520000000005,18.8047,1.6123,1.651,2.002,2.1411
539,182.72760000000005,18.5053,1.6572,1.6733,1.9941,2.1078
540,182.88000000000005,21.9068,1.6543,1.6862,1.998,2.1704
541,183.03240000000005,26.7975,1.671,1.6008,1.9814,2.2908
542,183.18480000000005,31.7784,1.6455,1.5117,1.9678,2.368
543,183.33720000000005,32.1788,1.6382,1.4806,1.958,1.9874
544,183.48960000000005,32.8087,1.5674,1.4493,1.9482,2.0223
545,183.64200000000005,33.8712,1.5481,1.4155,1.9267,1.9656
546,183.79440000000005,34.5547,1.5367,1.4522,1.8613,1.8862
547,183.94680000000005,34.697,1.5509,1.5521,1.8281,1.9315
548,184.09920000000005,32.4373,1.4729,1.5132,1.8359,1.8759
549,184.25160000000005,30.9179,1.4395,1.4922,1.8555,1.8727
550,184.40400000000005,30.2421,1.5596,1.3536,1.7754,1.9149
551,184.55640000000005,29.5116,1.9517,1.8594,1.6074,1.9179
552,184.70880000000005,28.1402,2.0779,1.8506,1.4258,1.8347
553,184.86120000000005,24.91,2.0826,1.8985,1.4082,1.7292
554,185.01360000000005,23.752,2.081,2.459,1.4658,1.8023
555,185.16600000000005,23.9063,2.5019,2.2202,1.6445,1.9685
556,185.31840000000005,24.5235,2.3203,2.1172,1.7969,2.4036
557,185.47080000000005,25.1406,2.4126,2.3828,1.9365,2.9145
558,185.62320000000005,24.9824,2.5049,2.6465,2.0488,2.898
559,185.77560000000005,24.627,2.5185,2.7554,2.0527,2.6432
560,185.92800000000005,24.9884,2.5122,2.8257,2.0703,2.3087
561,186.08040000000005,25.8244,2.6026,2.8711,2.0547,2.309
562,186.23280000000005,27.1096,2.7549,2.9004,2.0293,2.3615
563,186.38520000000005,29.0784,2.7549,2.9137,1.9687,2.3439
564,186.53760000000005,30.9768,2.5234,2.903,1.9307,2.2102
565,186.69000000000005,32.6408,2.3169,2.8835,1.9238,2.1299
566,186.84240000000005,34.3125,2.2134,2.8296,1.915,1.9282
567,186.99480000000005,34.4764,2.1094,2.7753,1.8945,1.9087
568,187.14720000000005,32.8537,2.0632,1.9533,1.8096,1.8913
569,187.29960000000005,34.4572,2.0251,1.9781,1.706,1.8137
570,187.45200000000006,36.1211,1.8535,1.6963,1.6104,1.7919
571,187.60440000000006,36.4998,1.7912,1.8144,1.6104,1.8288
572,187.75680000000006,34.709,1.769,1.4985,1.7031,1.7817
573,187.90920000000006,34.6321,1.5942,1.5322,1.8262,1.8629
574,188.06160000000006,36.719,1.5504,1.6289,1.8906,1.85
575,188.21400000000006,39.039,1.5037,1.6813,1.9023,1.8429
576,188.36640000000006,38.6918,1.4851,1.6145,1.8906,1.8415
577,188.51880000000006,38.2594,1.5586,1.6181,1.8887,1.9073
578,188.67120000000006,35.3276,1.7087,1.6717,1.9893,1.9696
579,188.82360000000006,30.7181,1.6987,2.1328,2.1055,2.1675
580,188.97600000000006,25.4376,1.7832,2.2383,2.2422,2.4182
581,189.12840000000006,25.8753,1.8643,2.2226,2.1973,2.4422
582,189.28080000000006,28.1411,1.8955,2.1094,2.0898,2.2546
583,189.43320000000006,31.938,1.9375,1.9873,1.9951,2.1398
584,189.58560000000006,32.9373,1.9483,1.8994,1.9521,2.0614
585,189.73800000000006,30.9529,2.0488,1.9023,1.9541,1.9704
586,189.89040000000006,29.0467,2.0508,1.8965,2.0352,2.0539
587,190.04280000000006,27.844,2.0605,1.9014,2.1231,2.2261
588,190.19520000000006,29.9221,1.875,2.1914,2.2461,2.316
589,190.34760000000006,31.9691,1.8018,2.205,2.2441,2.242
590,190.50000000000006,34.8752,1.7979,1.9316,2.1289,2.2343
591,190.65240000000006,36.5624,1.8115,1.8808,2.0019,2.2204
592,190.80480000000006,36.0938,1.8291,1.7168,1.915,2.1091
593,190.95720000000006,36.906,1.8095,1.7197,1.9043,1.9238
594,191.10960000000006,34.5001,1.585,1.7168,1.9092,1.955
595,191.26200000000006,35.6563,1.585,1.6709,1.8896,1.9482
596,191.41440000000006,35.8128,1.5645,1.5928,1.8857,1.9336
597,191.56680000000006,38.0939,1.5645,1.5723,1.8711,1.9148
598,191.71920000000006,39.3748,1.5459,1.6328,1.873,1.9182
599,191.87160000000006,38.0938,1.5605,1.6328,1.8848,1.9121
600,192.02400000000006,38.5936,1.5557,1.668,1.8848,1.8994
601,192.17640000000006,37.5,1.5645,1.5869,1.8945,1.899
602,192.32880000000006,37.9063,1.5684,1.5889,1.8965,1.9425
603,192.48120000000006,38.0623,1.7627,1.6074,1.959,1.9974
604,192.63360000000006,36.8123,1.7597,1.6133,2.0059,1.9954
605,192.78600000000006,34.9373,1.5996,1.8711,2.043,2.0321
606,192.93840000000006,33.5623,1.6602,2.2441,2.1113,2.2509
607,193.09080000000006,32.2189,1.9424,2.2343,2.1895,2.4125
608,193.24320000000006,33.6017,1.8955,1.8203,2.3262,2.3806
609,193.39560000000006,34.7618,1.9142,2.1035,2.2734,2.3352
610,193.54800000000006,35.4572,1.9235,2.1855,2.164,2.3401
611,193.70040000000006,37.0237,1.9134,1.8594,1.9902,2.2098
612,193.85280000000006,39.031,1.8621,1.751,1.8906,1.9729
613,194.00520000000006,36.8119,1.79,1.751,1.8672,1.9327
614,194.15760000000006,32.0618,1.6895,1.8994,1.957,1.9741
615,194.31000000000006,26.6718,1.6689,1.8271,2.0371,2.0031
616,194.46240000000006,26.2345,1.6426,1.7041,2.125,2.1164
617,194.61480000000006,27.2657,1.6465,1.8359,2.1055,2.1654
618,194.76720000000006,28.0623,1.6279,1.7607,2.0781,2.1727
619,194.91960000000006,26.0782,1.6631,1.8223,2.0801,2.2047
620,195.07200000000006,26.6407,1.7109,1.8066,2.0918,2.141
621,195.22440000000006,27.5156,1.7549,1.8984,2.1523,2.1658
622,195.37680000000006,27.4063,1.6563,1.9277,2.1074,2.0984
623,195.52920000000006,27.9062,1.8349,1.9824,2.0293,2.0729
624,195.68160000000006,27.4846,1.6904,1.9541,1.918,2.0353
625,195.83400000000006,29.3436,1.6836,1.8877,1.8105,2.0388
626,195.98640000000006,28.4998,1.6826,1.7119,1.7246,2.04
627,196.13880000000006,27.0152,1.6797,1.6953,1.6895,2.0186
628,196.29120000000006,23.6247,1.7012,1.6699,1.7012,2.0385
629,196.44360000000006,21.4843,1.7002,1.709,1.7979,2.0477
630,196.59600000000006,20.8126,1.8916,1.6222,1.9502,2.121
631,196.74840000000006,21.7657,1.8389,2.4121,2.1992,2.3616
632,196.90080000000006,22.4376,1.8125,2.4375,2.2871,2.2792
633,197.05320000000006,23.297,1.9375,2.3926,2.2129,2.4038
634,197.20560000000006,24.4374,2.2226,2.3008,2.1855,2.4208
635,197.35800000000006,23.5624,1.9991,2.4453,2.0996,2.427
636,197.51040000000006,22.5016,2.3047,2.1036,2.0801,2.2877
637,197.66280000000006,35.8121,2.3925,2.4159,1.9971,2.3781
638,197.81520000000006,32.7265,1.8789,1.8223,1.9727,2.3336
639,197.96760000000006,32.207,1.8751,1.8762,1.9551,2.1589
640,198.12000000000006,31.7811,1.8069,1.8374,1.9189,2.0489
641,198.27240000000006,30.4297,1.7588,1.7783,1.9189,2.0066
642,198.42480000000006,30.9137,1.7664,1.7457,1.9248,2.0117
643,198.57720000000006,27.9372,1.7376,1.7358,1.9189,2.229
644,198.72960000000006,25.7186,1.877,1.834,1.9199,2.228
645,198.88200000000006,24.5702,1.9388,1.9946,1.9844,2.1814
646,199.03440000000006,23.5628,1.9249,2.1099,2.0156,2.1408
647,199.18680000000006,26.2346,1.9219,2.0293,2.0723,2.1648
648,199.33920000000006,28.0391,1.9475,2.0354,2.0449,2.2933
649,199.49160000000006,28.5664,1.9551,2.0752,2.0566,2.2913
650,199.64400000000006,28.5234,1.9356,2.1655,2.0098,2.2245
651,199.79640000000006,28.4454,1.999,2.1973,1.9697,2.0578
652,199.94880000000006,28.797,2.0879,2.196,1.9619,2.0503
653,200.10120000000006,30.1956,2.1939,2.1216,1.9463,1.9456
654,200.25360000000006,32.2812,2.2319,1.9971,1.8447,1.9119
655,200.40600000000006,31.5546,2.2246,1.8399,1.6748,1.8179
656,200.55840000000006,31.0181,2.2148,1.9594,1.5107,1.7598
657,200.71080000000006,33.3127,1.7929,1.8032,1.3799,1.7526
658,200.86320000000006,34.7425,1.6321,1.79,1.3145,1.8102
659,201.01560000000006,37.0942,1.6628,1.4224,1.2959,1.7294
660,201.16800000000006,40.5265,1.5552,1.4118,1.4297,1.8702
661,201.32040000000006,41.5933,1.5324,1.4149,1.6328,1.9443
662,201.47280000000006,37.6245,1.5586,1.6534,1.8574,2.1294
663,201.62520000000006,33.6243,1.6831,1.9638,1.9072,2.3896
664,201.77760000000006,28.2807,1.7835,1.7529,1.916,2.5401
665,201.93000000000006,24.117,1.9136,1.6099,1.96,2.4459
666,202.08240000000006,22.7966,2.0869,1.9259,2.0567,2.402
667,202.23480000000006,20.7659,2.2539,2.5923,2.1621,2.2527
668,202.38720000000006,23.0321,2.2832,2.7226,2.2715,2.1305
669,202.53960000000006,29.8442,2.3275,2.5234,2.2148,2.1798
670,202.69200000000006,33.4991,2.3504,2.2637,2.1035,2.2332
671,202.84440000000006,26.2332,2.5586,2.2422,2.0117,2.2753
672,202.99680000000006,16.875,2.4961,2.709,1.9844,2.4325
673,203.14920000000006,16.7266,2.5117,3.0234,2.0469,2.4668
674,203.30160000000006,17.1252,2.7539,2.8936,2.1445,2.2339
675,203.45400000000006,19.0002,2.9492,2.9765,2.2754,2.4277
676,203.60640000000006,20.891,2.9601,2.8437,2.293,2.3981
677,203.75880000000006,23.9692,2.971,2.71,2.1641,2.2874
678,203.91120000000006,27.688,2.9774,2.6995,2.082,2.5
679,204.06360000000006,31.563,2.9816,2.7498,2.041,2.4154
680,204.21600000000007,35.7505,2.9443,2.7607,2.0801,2.4004
681,204.36840000000007,39.938,2.8232,2.6938,2.0937,2.5266
682,204.52080000000007,43.7971,2.7031,2.6269,2.043,2.2783
683,204.67320000000007,45.5313,2.5791,2.2851,2.1113,2.25
684,204.82560000000007,45.9865,2.5056,2.0195,2.0566,2.0872
685,204.97800000000007,45.1325,2.4141,1.8801,1.9336,2.021
686,205.13040000000007,42.4057,2.3488,1.8379,1.667,2.0572
687,205.28280000000007,37.812,2.3037,1.8373,1.4765,2.0758
688,205.43520000000007,33.6557,2.1914,1.8289,1.373,2.0413
689,205.58760000000007,29.1756,1.9472,1.7861,1.3613,2.029
690,205.74000000000007,27.6247,1.7056,1.5154,1.4404,2.0628
691,205.89240000000007,25.0273,1.7085,1.4232,1.418,2.0434
692,206.04480000000007,24.3145,1.805,1.3821,1.2949,1.9936
693,206.19720000000007,24.7608,1.7778,1.2798,1.1601,1.82
694,206.34960000000007,25.1836,1.5718,1.0884,1.0986,1.7559
695,206.50200000000007,25.3672,1.4116,1.0293,1.0928,1.8158
696,206.65440000000007,25.8126,1.4893,1.2637,1.084,1.8428
697,206.80680000000007,26.5779,1.5952,1.5355,1.0957,1.9017
698,206.95920000000007,24.5464,1.6246,1.4111,1.2227,2.0024
699,207.11160000000007,20.6403,1.5949,1.2434,1.4893,2.0777
700,207.26400000000007,18.2461,1.8477,1.4952,1.9453,2.3265
701,207.41640000000007,18.504,2.545,2.2794,2.1621,2.4437
702,207.56880000000007,19.2461,2.8097,2.8633,2.1777,2.4106
703,207.72120000000007,19.2574,3.0567,2.8042,2.1641,2.2034
704,207.87360000000007,20.2737,3.795,2.7263,2.1504,2.2547
705,208.02600000000007,22.0741,4.2364,2.7224,2.1035,2.2771
706,208.17840000000007,21.4138,4.5283,2.7138,2.084,2.2567
707,208.33080000000007,19.531,4.4061,3.5195,2.0703,2.342
708,208.48320000000007,17.8818,3.5618,3.4492,1.8984,2.5185
709,208.63560000000007,17.4354,3.4531,3.5331,1.79,2.7291
710,208.78800000000007,17.2734,3.2422,2.8397,1.7432,2.8147
711,208.94040000000007,16.8576,2.979,1.8691,1.8184,2.7868
712,209.09280000000007,18.1292,2.7705,1.7001,1.8007,2.6275
713,209.24520000000007,20.3597,2.4233,1.5761,1.4902,2.2613
714,209.39760000000007,23.3128,2.1533,1.3501,1.2392,2.2381
715,209.55000000000007,25.8751,1.8704,1.291,1.1006,2.2532
716,209.70240000000007,26.5352,1.7878,1.2945,1.0713,2.161
717,209.85480000000007,26.4854,1.74,1.2485,1.0771,2.3204
718,210.00720000000007,26.7911,1.6643,1.1453,1.084,2.2222
719,210.15960000000007,27.2104,1.6317,1.1875,1.0879,2.0925
720,210.31200000000007,26.7681,1.6397,1.2428,1.0957,1.8845
721,210.46440000000007,30.7663,1.6452,1.2051,1.0996,1.7064
722,210.61680000000007,36.3914,1.606,1.1845,1.1641,1.769
723,210.76920000000007,42.5,1.7075,1.1785,1.3184,1.7443
724,210.92160000000007,42.6819,1.8,1.23,1.5567,1.8805
725,211.07400000000007,44.7812,1.7966,1.5547,1.7441,1.8702
726,211.22640000000007,44.2554,1.7715,1.667,1.7754,1.8224
727,211.37880000000007,40.2335,1.9868,1.6634,1.8018,1.7451
728,211.53120000000007,32.7806,2.1983,1.9326,1.8789,1.8848
729,211.68360000000007,27.8123,3.0371,2.0323,1.9678,2.1993
730,211.83600000000007,26.1464,3.2854,2.3692,2.0605,2.338
731,211.98840000000007,25.8312,3.3079,2.5045,2.0606,2.4446
732,212.14080000000007,25.0896,3.2556,2.509,2.121,2.5553
733,212.29320000000007,23.3514,3.2761,2.5059,1.6455,2.6627
734,212.44560000000007,21.8622,3.0585,2.5923,1.3379,2.7778
735,212.59800000000007,21.1288,2.4667,2.3358,1.1621,2.7446
736,212.75040000000007,20.5372,2.0384,1.5898,1.1455,2.6527
737,212.90280000000007,21.5353,1.998,1.1664,1.1611,2.3219
738,213.05520000000007,22.7893,1.8852,1.1617,1.167,2.1791
739,213.20760000000007,24.3496,1.8035,1.16,1.2129,1.8337
740,213.36000000000007,23.9999,1.6909,1.1591,1.4043,1.643
741,213.51240000000007,23.4684,1.6426,1.1583,1.7266,1.71
742,213.66480000000007,20.9531,1.6416,1.7393,2.1621,1.6939
743,213.81720000000007,20.8124,1.6523,2.4277,2.1934,1.8029
744,213.96960000000007,19.8595,1.6641,2.4121,2.2129,1.9802
745,214.12200000000007,20.6563,1.7364,2.6113,2.1836,2.0973
746,214.27440000000007,20.7033,2.6719,2.6406,2.1445,2.4919
747,214.42680000000007,22.1566,2.7734,2.2148,2.0781,2.4996
748,214.57920000000007,24.6722,2.7988,2.1367,2.0351,2.1064
749,214.73160000000007,26.9532,2.707,2.1426,1.9619,2.0815
750,214.88400000000007,27.2969,2.7715,2.1094,1.8975,2.2567
751,215.03640000000007,27.875,2.75,2.1601,1.8701,2.5458
752,215.18880000000007,27.6095,2.6094,2.0802,1.917,2.5355
753,215.34120000000007,28.5937,2.8144,2.9375,1.8203,2.4975
754,215.49360000000007,28.2345,2.6445,2.832,1.6689,2.4011
755,215.64600000000007,29.3439,2.7051,2.7538,1.4404,2.2829
756,215.79840000000007,30.5785,2.4785,2.1465,1.2529,2.1366
757,215.95080000000007,33.4686,2.2324,2.3536,1.1348,2.2066
758,216.10320000000007,32.2187,1.8828,2.9588,1.0869,2.0052
759,216.25560000000007,31.4845,1.8848,1.2764,1.0957,1.8735
760,216.40800000000007,32.5942,1.8164,1.1992,1.1133,1.6964
761,216.56040000000007,36.5003,1.8223,1.0918,1.1777,1.6761
762,216.71280000000007,38.6873,1.8984,1.1241,1.2608,1.6742
763,216.86520000000007,36.6873,1.7598,1.5,1.3613,1.6857
764,217.01760000000007,34.7815,1.6943,1.5869,1.3867,1.7433
765,217.17000000000007,37.2186,1.5332,1.5674,1.4277,1.7966
766,217.32240000000007,35.6251,1.5479,1.3994,1.5029,1.7383
767,217.47480000000007,36.3569,1.5782,1.5068,1.6533,1.7434
768,217.62720000000007,143.7636,2.1152,1.4853,1.8272,1.7835
769,217.77960000000007,255.5134,1.7685,1.4493,1.9893,1.8461
770,217.93200000000007,365.5,1.6876,1.7061,2.1035,1.9066
771,218.08440000000007,365.5,2.4883,1.9015,2.1621,2.0108
772,218.23680000000007,365.5,2.7969,2.9629,2.2461,2.0354
773,218.38920000000007,365.5,2.6406,3.0547,2.3847,2.1966
774,218.54160000000007,365.5,2.6836,3.1288,2.0683,2.5342
775,218.69400000000007,365.5,2.9941,2.2833,1.7295,2.6077
776,218.84640000000007,365.5,2.7598,3.2617,1.4668,2.5988
777,218.99880000000007,365.5,2.9705,3.2225,1.3701,2.536
778,219.15120000000007,365.5,1.6846,1.9355,1.3281,2.4415
779,219.30360000000007,365.5,2.2187,1.5274,1.2793,2.0634
780,219.45600000000007,365.5,2.1503,1.7217,1.2949,2.0889
781,219.60840000000007,365.5,1.7295,1.663,1.3809,1.9803
782,219.76080000000007,365.5,1.6777,1.3662,1.4502,2.0988
783,219.91320000000007,365.5,1.6983,1.6787,1.5674,2.0564
784,220.06560000000007,365.5,2.1699,1.7539,1.5693,2.0672
785,220.21800000000007,365.5,2.1777,1.7862,1.4345,2.1829
786,220.37040000000007,365.5,2.2539,2.5293,1.2148,2.1547
787,220.52280000000007,365.5,2.3105,2.5156,1.0781,2.0939
788,220.67520000000007,365.5,1.8857,2.1621,1.0703,1.983
789,220.82760000000007,365.5,1.8565,1.8135,1.0908,1.8358
790,220.98000000000008,365.5,1.9199,2.0038,1.2276,1.7728
791,221.13240000000008,365.5,1.9004,1.0079,1.4688,1.7471
792,221.28480000000008,365.5,1.8242,1.6826,1.8272,1.7002
793,221.43720000000008,365.5,1.6602,1.5224,2.002,1.6666
794,221.58960000000008,365.5,1.6836,1.3428,1.9902,1.6424
795,221.74200000000008,365.5,1.6748,1.9492,1.7627,1.707
796,221.89440000000008,365.5,1.7832,1.4541,1.4013,1.8597
797,222.04680000000008,365.5,2.0332,1.3633,1.2051,2.2283
798,222.19920000000008,365.5,2.2383,1.3506,1.1035,2.4656
799,222.35160000000008,365.5,2.3652,1.3174,1.1231,2.3899
800,222.50400000000008,365.5,2.2988,1.5107,1.291,2.1724
801,222.65640000000008,365.5,2.1797,1.4814,1.5508,2.077
802,222.80880000000008,365.5,2.5038,1.4073,1.8642,2.0169
803,222.96120000000008,365.5,1.4971,1.8399,1.6113,1.9622
804,223.11360000000008,365.5,2.1015,2.0898,1.3691,2.067
805,223.26600000000008,365.5,1.4131,1.455,1.2217,2.0866
806,223.41840000000008,365.5,1.5058,1.124,1.2031,2.0761
807,223.57080000000008,365.5,1.38,1.0851,1.2481,1.9948
808,223.72320000000008,365.5,1.9033,1.5888,1.4063,1.8464
809,223.87560000000008,365.5,1.8418,1.1164,1.6377,1.7852
810,224.02800000000008,365.5,1.749,2.0331,1.9492,1.7762
811,224.18040000000008,365.5,1.7119,1.4601,2.0859,1.829
812,224.33280000000008,365.5,1.7237,2.0918,1.8564,1.9435
813,224.48520000000008,365.5,2.1153,1.9366,1.5556,2.0667
814,224.63760000000008,365.5,2.4141,2.1094,1.3789,2.2511
815,224.79000000000008,365.5,2.412,1.8876,1.3027,2.133
816,224.94240000000008,365.5,1.7921,1.6171,1.3643,2.133
817,225.09480000000008,365.5,2.4277,1.3408,1.376,2.133
818,225.24720000000008,365.5,2.4861,1.3096,1.2588,2.133
819,225.39960000000008,365.5,1.709,1.3427,1.1426,2.133
820,225.55200000000008,365.5,1.7168,1.0683,1.0742,2.133
821,225.70440000000008,365.5,1.6904,0.8686,1.0879,2.133
822,225.85680000000008,365.5,1.6934,0.8502,1.0986,2.133
823,226.00920000000008,365.5,1.6963,1.3963,1.2315,2.133
824,226.16160000000008,365.5,1.6963,1.3963,1.4532,2.133
